id,name,email,phone,company,created_at
1,Melvin Scott,ut.lacus.nulla@aol.edu,1-527-235-2745,Tincidunt Orci LLC,2025-10-27 16:50:11
2,Ahmed Guthrie,integer.urna@yahoo.ca,1-526-463-0332,Elementum Purus Ltd,2025-11-16 12:00:53
3,Emma Riley,aliquam.rutrum.lorem@icloud.org,(332) 351-6652,Iaculis Institute,2025-11-16 14:16:13
4,Coby Hatfield,tristique.pellentesque@hotmail.ca,(764) 658-3641,Et Ultrices Industries,2025-05-22 09:46:41
5,Jelani Hudson,magna.et@hotmail.org,1-893-132-3687,Arcu Vestibulum Ante Foundation,2025-04-29 01:24:40
6,Jasmine Michael,nam@outlook.couk,(635) 523-1802,Leo Cras Corporation,2024-10-26 13:07:18
7,Eliana Carey,adipiscing.elit.curabitur@google.couk,1-265-484-6878,Sed Dolor Foundation,2024-01-05 07:37:31
8,Regan Lara,velit.in.aliquet@outlook.ca,(345) 656-5374,Morbi Corporation,2025-09-10 20:49:13
9,Graham Sweet,mollis@yahoo.org,1-482-177-7068,Felis Eget Varius Limited,2025-02-21 11:32:56
10,Grady Bradford,aliquam.vulputate.ullamcorper@hotmail.ca,(326) 491-0771,Turpis Nec Consulting,2025-03-23 13:56:28
11,Selma Stanton,sem@protonmail.net,(635) 317-6052,Malesuada Vel Foundation,2024-11-23 22:22:05
12,Idona Stokes,convallis.ligula.donec@protonmail.ca,(782) 312-5026,Neque PC,2025-05-21 22:05:34
13,Britanney Watts,natoque@outlook.net,(256) 384-7062,Neque Tellus Imperdiet Inc.,2025-08-28 23:17:57
14,Wang Ward,donec.egestas.duis@protonmail.ca,(563) 245-8690,Mattis Cras Eget Industries,2025-05-25 06:00:00
15,Urielle Levy,morbi.tristique@outlook.edu,1-317-218-2818,Mauris Elit Dictum PC,2025-05-24 23:33:53
16,Bruce Simpson,nec@google.com,(313) 335-1578,Donec Tincidunt Incorporated,2025-11-11 17:42:58
17,Harding Whitley,vestibulum@protonmail.ca,1-433-208-4803,Lorem Ltd,2025-06-10 17:45:27
18,Nero Roth,nunc.lectus.pede@protonmail.ca,1-216-469-3447,Tincidunt Incorporated,2025-09-08 10:37:21
19,Charles Roach,nostra.per@yahoo.net,1-115-411-4081,Eget Magna Suspendisse PC,2025-11-02 16:00:37
20,Britanni Baldwin,adipiscing.lobortis@hotmail.edu,(372) 381-6155,Nunc Ullamcorper Corp.,2025-04-25 23:00:44
21,Hayes Morales,velit.eu@icloud.couk,(156) 808-6884,Maecenas Mi Associates,2025-10-05 21:28:14
22,Paki Camacho,mus@outlook.edu,(411) 610-8539,Cras Lorem Foundation,2025-12-08 07:42:14
23,Lenore Patton,pede.nonummy@outlook.couk,(337) 227-7150,Elit A Feugiat LLP,2024-04-16 21:30:14
24,Ingrid Santiago,velit@protonmail.ca,1-683-494-3937,Ultricies Adipiscing Industries,2024-07-17 16:07:23
25,Thomas Burris,molestie.tortor@aol.net,1-167-500-1315,Dolor Corp.,2025-01-13 23:53:26
26,Marvin Bond,tellus@hotmail.org,(352) 615-1673,Donec LLP,2025-06-19 02:30:50
27,Thor Burke,mi.felis.adipiscing@icloud.couk,(832) 804-6442,Risus Inc.,2025-05-09 03:05:09
28,Walker Frazier,lectus@yahoo.org,(273) 345-2345,Ut Ipsum LLP,2024-08-12 08:22:12
29,Yoko Workman,orci@aol.org,(873) 118-3911,Neque Consulting,2024-12-25 11:05:46
30,Chantale Miller,aliquet.phasellus@yahoo.com,1-316-784-3965,Egestas Sed Pharetra Foundation,2024-05-09 09:56:30
31,Owen Bender,purus@protonmail.org,1-727-642-4200,Nunc Quis Foundation,2025-08-16 21:49:33
32,Jakeem Solis,nam.porttitor@outlook.org,1-377-333-4130,Rutrum Magna Ltd,2025-10-07 16:46:33
33,Erasmus Whitley,ac.sem@yahoo.net,(779) 578-3752,Sed Sem Egestas Ltd,2024-11-18 06:42:02
34,Macy Mcintyre,orci.luctus.et@protonmail.net,1-273-357-3323,Eu Ltd,2024-05-03 08:30:17
35,Emerson Vasquez,taciti.sociosqu@protonmail.net,1-251-848-8554,Nullam Company,2024-11-12 06:09:33
36,Samson Daugherty,eu.erat@icloud.ca,1-578-548-8100,Dignissim Institute,2025-04-23 23:49:14
37,Octavius Norman,nonummy.ipsum@outlook.net,1-541-381-8238,Euismod Et Commodo Incorporated,2024-03-02 19:33:17
38,Bradley Castro,erat@aol.edu,(782) 244-8824,Natoque Penatibus Et Corp.,2025-04-14 03:57:30
39,Tiger Floyd,sem.consequat@icloud.ca,1-789-548-2211,Class Aptent Taciti Corporation,2024-05-16 18:56:20
40,Graiden Black,vitae@icloud.org,1-311-661-2731,Sed Sem Egestas Institute,2024-04-13 16:14:53
41,Keith Osborn,velit@protonmail.com,1-264-642-8575,Augue Malesuada Malesuada Ltd,2024-10-18 15:29:52
42,Kenyon Avery,sed.hendrerit@outlook.org,1-447-336-7639,Proin Eget Odio Incorporated,2024-03-31 15:13:20
43,Portia Cooke,risus.donec@aol.org,1-417-267-4627,Placerat Eget Venenatis Incorporated,2024-03-03 03:07:44
44,Nola Villarreal,eget.nisi@outlook.ca,1-431-932-4446,Sed Eget Limited,2024-12-17 18:42:28
45,Ira Molina,porttitor@icloud.net,1-436-642-0417,Arcu Vivamus Sit Limited,2024-12-11 15:23:24
46,Amery Schneider,nonummy.ipsum@google.net,(276) 929-8653,Ultricies Adipiscing Foundation,2024-06-01 05:11:34
47,Portia Fitzpatrick,vitae.orci@protonmail.couk,(937) 218-1044,Elit Corp.,2023-12-26 03:29:50
48,April Pate,nunc.ac@protonmail.net,(858) 875-6432,Porttitor LLP,2024-03-08 19:30:03
49,Troy Vaughn,fermentum.risus@outlook.ca,1-297-372-4368,Ornare Sagittis Consulting,2025-02-03 02:24:32
50,Quinlan Suarez,augue.ac@icloud.edu,1-412-787-1286,Arcu Vestibulum PC,2024-10-14 16:39:28
51,Len Berg,cursus@protonmail.net,1-272-476-7882,Hendrerit Id Inc.,2025-05-07 15:08:44
52,Britanney Mejia,nulla.in@icloud.couk,(686) 427-5851,Eu Limited,2024-07-20 22:49:14
53,Tanek Bauer,justo.faucibus@yahoo.edu,1-434-317-6204,Morbi Neque Tellus LLP,2025-10-09 05:07:44
54,Brody Wilkinson,commodo.auctor@aol.edu,1-866-225-3077,Ante Bibendum Corporation,2025-10-19 14:10:04
55,Clare Hicks,fermentum.metus@google.edu,1-797-366-3818,Orci Phasellus Corporation,2025-07-24 07:05:04
56,Thor Lloyd,nunc@yahoo.ca,1-854-928-1776,Tellus Aenean Egestas Company,2024-05-12 00:30:31
57,Dillon Parrish,ante.nunc.mauris@google.edu,1-135-935-2166,Sollicitudin A Corporation,2025-07-24 12:33:08
58,Dennis Shields,lorem.eu@protonmail.couk,(546) 935-2424,Nonummy Ipsum Limited,2025-09-30 13:51:51
59,Jayme Mooney,ultrices.iaculis@hotmail.net,(301) 592-8754,Nunc Mauris Sapien Institute,2025-03-04 01:57:48
60,Adrienne Horn,mus.proin.vel@aol.net,1-835-319-5506,Pellentesque Tellus Inc.,2024-09-18 17:45:41
61,Tobias Robertson,facilisis@outlook.com,1-801-435-3706,Ante Ipsum Primis LLC,2024-09-04 07:35:42
62,Lael Norman,ipsum@google.couk,1-754-563-1758,Lorem Fringilla Consulting,2024-04-03 09:21:07
63,Colton Randall,rutrum.lorem.ac@hotmail.com,(615) 527-4304,Nulla Tincidunt Industries,2025-04-30 07:35:45
64,Dieter Maldonado,neque.sed@outlook.couk,1-216-741-1896,Eleifend Egestas Corp.,2024-01-22 05:55:36
65,Adrienne Deleon,pharetra.quisque@protonmail.edu,(867) 233-2058,Enim Non Institute,2024-04-05 02:16:10
66,Frances Dale,molestie@outlook.edu,1-845-773-5843,Morbi Accumsan Laoreet Associates,2025-08-14 09:27:46
67,Hayley Key,sociis.natoque.penatibus@icloud.net,(455) 322-0481,Fermentum Risus LLP,2025-01-02 11:28:20
68,Mikayla Bailey,mollis.nec@google.ca,(496) 138-4678,Ultrices Posuere PC,2025-11-20 11:34:33
69,Larissa Hinton,nec@aol.org,1-779-283-0784,Nunc Quisque Ornare Industries,2024-10-28 14:40:06
70,Mariam Hale,quis.tristique@protonmail.edu,1-113-756-5544,Magna Duis Incorporated,2025-06-23 13:20:37
71,Barbara Blanchard,fusce@yahoo.edu,(648) 576-5247,At Nisi Corp.,2024-05-30 23:59:12
72,Claudia Yates,feugiat.nec@aol.com,(828) 676-2268,Laoreet Posuere Enim LLC,2024-02-10 06:29:32
73,Dominic Velasquez,donec.feugiat@yahoo.couk,(520) 356-8183,Leo Morbi Industries,2025-02-15 00:46:38
74,Joelle Knox,adipiscing.elit@aol.com,1-716-734-3629,Mauris Associates,2025-11-28 17:29:45
75,Yoshi Mckinney,sollicitudin@hotmail.ca,(328) 343-2621,Sed Turpis Industries,2024-05-19 03:01:10
76,Avye Murray,ligula@google.couk,(297) 756-0884,Magna A Tortor LLC,2025-07-18 13:14:17
77,Ann Matthews,nascetur.ridiculus.mus@icloud.org,(866) 542-5854,Id Associates,2024-02-14 06:47:43
78,Trevor Rowe,nunc@icloud.org,1-487-252-3177,Et Rutrum Eu Industries,2024-04-02 08:08:39
79,Gary Knapp,ut.dolor@icloud.org,(288) 649-3596,Mauris Vestibulum Corp.,2025-08-31 11:17:42
80,Dean Alford,nullam.ut.nisi@google.org,1-453-220-4199,Dapibus Quam Inc.,2025-02-28 16:07:33
81,Winter Pierce,diam@yahoo.org,(204) 216-6103,Nulla Facilisi Sed Corp.,2025-11-25 10:10:54
82,Ryan Lambert,non.enim.commodo@icloud.org,1-238-697-3322,Fusce Mollis Corporation,2024-01-25 21:02:46
83,Wyatt Charles,lectus.pede.et@aol.net,1-805-534-3132,Libero Mauris Aliquam Ltd,2025-09-21 09:03:04
84,Linda Whitney,mauris.nulla@google.net,1-245-208-2113,Massa Lobortis Ultrices Industries,2024-04-08 18:54:20
85,April Knapp,id.magna@google.com,1-458-474-6074,Neque Et Nunc LLC,2025-03-20 00:27:44
86,Miriam Johnson,eu@aol.ca,(193) 100-2357,Risus Incorporated,2024-12-08 22:28:05
87,Dacey Tanner,tempor.est@protonmail.com,1-448-341-8713,Mauris Ipsum LLP,2024-08-23 21:19:39
88,Quon Craig,libero.proin@protonmail.edu,(388) 339-3897,Nulla Ante Iaculis Foundation,2024-07-01 07:41:57
89,Damian Brooks,ac@google.com,(477) 761-1515,Luctus Ipsum Institute,2024-05-05 01:24:57
90,Virginia Butler,semper.cursus.integer@google.org,1-555-851-7426,Hendrerit Id Ante Institute,2024-10-23 08:30:23
91,Shay Bentley,placerat.orci.lacus@google.couk,1-282-593-7481,Ligula Corporation,2025-11-02 13:08:13
92,Callum Maldonado,accumsan.sed@outlook.couk,1-584-587-7639,Etiam Bibendum Fermentum Corporation,2024-12-15 10:49:49
93,Kirsten Kemp,eu.tellus@google.edu,(259) 277-5721,Auctor Non Feugiat Inc.,2024-03-18 00:13:50
94,Nero Stanley,sit@hotmail.org,(954) 767-8737,Nam Porttitor Industries,2024-09-17 01:06:59
95,Octavius Leblanc,phasellus@hotmail.com,1-636-138-4648,Bibendum Donec Institute,2025-09-17 20:21:09
96,Destiny Bowen,lobortis.quis.pede@google.edu,1-225-758-7321,Mi Eleifend Associates,2024-05-25 21:21:50
97,Palmer Langley,nullam.feugiat@icloud.edu,(526) 470-7238,Mauris Associates,2024-11-07 23:20:39
98,Hector Romero,bibendum.ullamcorper@google.edu,1-670-364-2659,Duis Ac Corporation,2025-08-07 15:58:41
99,Cade Riggs,malesuada.fames.ac@icloud.couk,1-636-396-9528,Cursus A Enim LLP,2025-02-21 08:31:59
100,Odessa Powers,justo.sit.amet@icloud.edu,(161) 388-7152,Laoreet Libero Corporation,2023-12-14 16:40:59
101,Noel Schwartz,velit.justo.nec@outlook.net,(676) 233-3746,Egestas Ligula Nullam PC,2024-03-13 07:04:55
102,Marvin Carr,nec.ligula@hotmail.ca,(256) 858-1449,Et Ultrices Posuere Corp.,2025-03-01 03:17:48
103,Drake Daniel,eget.ipsum.suspendisse@icloud.ca,1-342-351-7363,Ipsum Suspendisse Institute,2024-07-27 10:52:18
104,Avye Ferguson,odio.vel@yahoo.edu,(722) 287-5334,Aliquam Consulting,2024-03-13 10:45:56
105,Aurora Nielsen,in@aol.net,(853) 885-8673,Eget Volutpat Institute,2025-05-13 02:04:15
106,Tana Holcomb,porttitor.eros@yahoo.edu,(339) 680-9386,Faucibus Ltd,2025-09-27 02:04:59
107,Freya Craig,fusce.fermentum.fermentum@aol.com,1-515-448-5153,In Cursus Et Foundation,2024-03-02 14:34:57
108,Joel Thompson,orci@hotmail.ca,1-725-330-6245,Et Malesuada LLC,2025-07-01 09:28:41
109,Aurora Villarreal,arcu.vel@aol.org,(632) 723-2941,Malesuada Institute,2024-12-25 16:24:37
110,Kay Stevens,phasellus.vitae@protonmail.edu,(333) 427-1694,Fringilla Est Mauris Consulting,2025-01-11 13:44:26
111,Octavius Haley,dapibus@icloud.org,1-974-221-3890,Mauris Eu Turpis Associates,2025-10-01 13:31:26
112,Vivien Soto,nam@google.org,(668) 653-3417,Aliquam Erat Institute,2024-03-01 00:52:07
113,Martina Sears,duis.cursus@aol.com,1-366-412-6236,Vitae Semper Associates,2024-04-09 06:39:19
114,Caesar Vance,arcu@hotmail.edu,(275) 850-4810,Fermentum Vel Mauris Ltd,2025-09-11 07:19:33
115,Anne Cole,vitae.orci@google.edu,(456) 264-7778,Aenean Limited,2024-05-01 14:50:25
116,Barry West,fusce.aliquet.magna@outlook.org,1-417-379-1540,Ultrices Posuere Ltd,2025-04-11 08:05:12
117,Ray Brock,fermentum.vel@icloud.net,(356) 189-4333,Vitae Sodales Nisi LLP,2024-10-28 20:05:28
118,Willow Whitehead,vel.turpis@icloud.com,(338) 524-9044,Curae Phasellus Ornare PC,2024-11-17 11:12:19
119,Yoshio Lucas,elementum@yahoo.couk,1-226-636-2901,Sed Facilisis LLP,2024-04-06 06:06:26
120,Galena Lawson,nec.ligula@hotmail.net,1-316-928-3271,Ac Fermentum Vel Limited,2025-12-06 07:44:59
121,Blaze James,pulvinar.arcu@protonmail.ca,(630) 781-5004,Ac Facilisis Corp.,2024-03-01 06:19:18
122,Clarke Holt,amet.faucibus@outlook.org,1-913-665-6462,Amet Consectetuer LLC,2024-03-09 12:16:40
123,Destiny Jefferson,nullam.vitae@icloud.com,1-181-734-3251,Pede Nec Ante Corporation,2025-07-02 06:09:32
124,Odysseus Reeves,tortor.nibh@icloud.edu,(615) 306-0461,Donec Tempor Corp.,2023-12-14 01:13:36
125,Carl Pittman,suscipit.est@yahoo.edu,(985) 169-7374,Dictum Eu Inc.,2025-10-16 05:42:10
126,Lysandra White,proin.eget@icloud.org,1-145-318-8831,Bibendum Sed Est Industries,2024-10-27 05:19:04
127,Erich Mckinney,nec.ante.blandit@yahoo.org,(338) 756-6942,Eget Varius Ltd,2025-12-01 18:55:22
128,Magee Simon,vestibulum.massa@aol.com,(411) 326-5245,Ultrices Vivamus LLP,2024-11-17 23:39:44
129,Benjamin Simpson,sed.eu@yahoo.ca,(516) 248-3675,Fusce Fermentum PC,2024-11-30 10:06:21
130,Len Weiss,at.egestas.a@yahoo.net,(249) 105-5536,Sociis Natoque Penatibus PC,2024-10-10 02:31:47
131,Montana Carr,augue.scelerisque@outlook.org,(434) 612-8554,Mauris Sagittis Placerat PC,2025-09-20 15:15:34
132,Myles Holman,vitae.risus.duis@hotmail.couk,1-414-667-3636,Libero Dui Nec PC,2025-11-24 02:21:52
133,Veda Hoover,in@google.com,1-594-374-3094,Eleifend Nec Malesuada LLC,2025-02-23 01:26:22
134,Petra Oneal,vitae@outlook.net,1-667-162-5723,Vulputate Inc.,2025-06-25 23:37:09
135,Matthew Ruiz,augue.malesuada@protonmail.org,(322) 856-5558,Rutrum Justo Corporation,2024-04-24 18:12:51
136,Illana Sears,in.faucibus@icloud.com,(126) 159-4665,Erat Vel PC,2024-03-31 19:01:39
137,Mallory Hebert,imperdiet.erat@outlook.net,1-353-976-4364,Turpis Nulla Aliquet Foundation,2024-06-25 05:12:00
138,Lucas Potts,malesuada.id@hotmail.couk,(227) 165-7665,Malesuada Vel Convallis Inc.,2024-12-11 20:39:35
139,Rose Bruce,libero.nec.ligula@outlook.net,1-533-788-7568,Euismod Corp.,2024-10-06 07:47:24
140,Fitzgerald Howe,facilisis.suspendisse.commodo@outlook.com,1-662-448-2756,Molestie Pharetra Nibh Ltd,2024-03-03 22:20:01
141,Keegan Ruiz,dui.nec@google.ca,1-672-821-9089,Lorem Semper Auctor Consulting,2024-11-03 10:22:35
142,Ruby Hale,morbi@yahoo.org,(957) 665-4073,Donec Porttitor Tellus Institute,2023-12-14 19:46:06
143,Silas David,dolor.quisque@outlook.org,(149) 562-7687,Vitae Limited,2025-11-06 05:00:10
144,Boris Gomez,duis.cursus@yahoo.couk,(883) 547-3176,Ut Sem Inc.,2024-08-02 06:06:01
145,Stephen Maddox,adipiscing.elit@icloud.com,1-762-727-0520,Libero Industries,2025-08-09 00:36:06
146,Edan Roy,magna@hotmail.edu,(118) 339-8142,Consequat Enim Diam LLC,2024-04-28 10:05:59
147,Nichole Hoover,vestibulum@outlook.ca,(666) 166-1044,Dolor Sit Corporation,2025-05-01 17:03:57
148,Mercedes Morales,risus.donec@yahoo.ca,(416) 345-0562,Nonummy Foundation,2024-05-22 03:14:04
149,Quinn Adkins,feugiat.nec@google.com,1-330-832-6083,Ante Dictum Company,2025-10-16 23:16:46
150,Lane Kennedy,mauris@hotmail.net,(788) 680-4943,Sagittis Duis Corporation,2025-07-07 07:14:45
151,Graiden Cummings,amet.massa@icloud.couk,(415) 660-7728,Egestas A PC,2025-07-01 09:59:38
152,Olivia Kaufman,aliquam@hotmail.org,(424) 568-5759,Amet Ltd,2024-05-01 18:46:29
153,Lana Castillo,ornare.in.faucibus@aol.net,1-674-670-3411,Sit Amet Consectetuer LLP,2024-01-09 20:37:55
154,Savannah Ellis,condimentum@outlook.edu,(755) 392-1546,Tristique Senectus Incorporated,2024-01-24 17:10:47
155,Kieran Stanley,amet@icloud.ca,(724) 815-9316,Sociosqu Ad Limited,2025-06-12 20:52:16
156,Hoyt Lindsay,dictum.phasellus@icloud.edu,1-437-693-4735,Tellus Id Corp.,2024-03-23 05:48:15
157,Cairo Boyd,faucibus.id@outlook.couk,1-177-484-9361,Mollis Vitae Posuere Company,2024-01-22 00:24:14
158,Joelle Nielsen,risus.at.fringilla@icloud.com,1-589-187-4187,Augue Institute,2025-04-29 20:02:18
159,Maisie Haney,mollis.vitae@protonmail.edu,(416) 323-2463,Eget Institute,2024-07-14 12:13:13
160,Zorita Mcdonald,massa.vestibulum@protonmail.com,(859) 716-8591,Mauris Magna Duis Corp.,2024-04-02 22:25:41
161,Yuri Fry,donec.nibh.quisque@yahoo.ca,1-611-670-8691,Vel Lectus Corp.,2024-10-16 04:42:12
162,Sheila Watson,aenean@icloud.couk,(268) 266-8251,Non Arcu Corporation,2025-07-31 00:33:27
163,Rigel Kline,laoreet.lectus@yahoo.ca,(111) 586-8072,Amet Institute,2025-12-06 19:05:19
164,Minerva Strickland,egestas.a@hotmail.org,1-848-424-2539,Nulla Donec Non PC,2025-11-15 12:19:57
165,Alfreda Mckee,vel.venenatis@protonmail.edu,1-985-827-9228,Nulla Vulputate Inc.,2024-12-04 00:06:51
166,Fulton Campbell,adipiscing@aol.ca,1-256-704-3762,Arcu Vel Quam Associates,2025-02-23 14:20:33
167,Roanna Roberson,et.magnis.dis@yahoo.couk,(946) 788-7848,Viverra Maecenas Corporation,2024-05-18 04:11:34
168,Edan Zimmerman,ante.maecenas.mi@icloud.org,(273) 233-6773,Mauris Elit Inc.,2024-05-22 23:02:54
169,Whitney Stevens,gravida.sagittis@icloud.couk,1-313-731-1752,Nunc Pulvinar Corp.,2025-07-29 15:32:58
170,Ori Mcmahon,volutpat.nunc.sit@hotmail.org,1-254-888-4024,Erat Vivamus Associates,2024-02-02 14:58:32
171,Kelly Galloway,vitae@protonmail.org,(782) 711-6181,Ante Vivamus Corporation,2024-10-03 00:53:45
172,Hedwig Booth,lacinia.orci@google.net,1-362-435-4818,Eu Metus Institute,2024-07-21 03:40:41
173,Peter Stafford,eu.eros@aol.edu,1-208-744-4297,Nec Eleifend Inc.,2024-09-16 03:01:41
174,Maite Dorsey,donec.feugiat@hotmail.edu,1-753-852-6213,Adipiscing Mauris Limited,2025-06-04 21:41:42
175,Keith Haynes,eget.odio.aliquam@aol.org,1-462-584-9258,In LLC,2024-04-08 12:38:10
176,Stacy Turner,ipsum@aol.ca,1-493-541-6773,Blandit LLP,2023-12-13 14:50:32
177,Uriel Hudson,duis.mi@icloud.edu,1-658-163-7710,Lobortis Risus In PC,2025-06-16 17:18:56
178,Nicholas Sampson,netus.et.malesuada@google.com,1-841-494-6342,Pede Blandit Congue Foundation,2024-09-13 09:11:13
179,Kalia Wilkins,justo@outlook.edu,1-231-311-3766,Natoque Penatibus Associates,2024-01-01 03:48:15
180,Wang Robertson,nec.quam.curabitur@protonmail.couk,1-648-276-8842,Eu Enim LLP,2024-11-29 18:01:17
181,Salvador Valenzuela,rutrum.justo.praesent@icloud.ca,(203) 513-3432,Gravida Nunc Limited,2025-09-03 19:24:28
182,Samuel Sherman,mus.donec@aol.ca,1-601-835-1485,Sodales Mauris Blandit Industries,2024-12-06 03:28:56
183,Simon Riggs,vel.turpis.aliquam@protonmail.ca,(522) 347-2581,Eget Lacus Industries,2024-10-12 10:34:17
184,Graiden Freeman,arcu.nunc@aol.ca,1-845-390-6554,Risus Associates,2025-11-05 18:57:24
185,Indigo Hoffman,rhoncus.nullam@yahoo.com,(888) 656-8172,Nec Ltd,2025-11-01 07:20:54
186,Tashya Britt,sodales.at@yahoo.net,(166) 436-6452,Mauris Aliquam Corp.,2024-02-08 10:38:24
187,Oren Robinson,cum.sociis.natoque@yahoo.couk,1-652-510-7681,Nunc Institute,2024-07-02 14:35:00
188,Olympia Wynn,aliquet.phasellus@google.edu,(433) 152-3641,Cras Sed Leo Consulting,2025-02-17 15:28:03
189,Cody Cole,tellus.imperdiet@icloud.ca,(957) 256-1643,Dolor Nulla Limited,2025-10-18 03:36:56
190,Aileen Greer,nascetur.ridiculus@icloud.couk,(357) 643-4837,Id Sapien Incorporated,2024-09-27 22:43:45
191,Price Gregory,vitae.diam.proin@outlook.net,(629) 612-8033,Nam Interdum Enim Industries,2024-11-17 15:10:16
192,Britanney Shaffer,molestie.orci@icloud.couk,1-826-227-7493,Sem LLP,2025-11-16 12:13:37
193,Castor Ferrell,malesuada.fames@protonmail.org,1-892-988-3532,Molestie Tellus Aenean LLC,2025-07-27 09:41:57
194,Amity Miles,quam@outlook.ca,1-133-820-4027,Tempus Lorem Company,2024-09-28 14:06:19
195,Blaze Mccoy,mollis.dui@aol.couk,1-378-689-9587,Eleifend Nunc Foundation,2024-07-03 14:12:08
196,Alyssa Stone,euismod.urna@outlook.net,1-884-961-6876,Est Corp.,2024-01-15 09:39:07
197,Tamara Perkins,quisque.libero.lacus@icloud.edu,(774) 384-1547,Praesent Interdum Ltd,2025-02-26 21:13:55
198,Ethan Sims,eu.erat.semper@protonmail.ca,(121) 666-9233,Turpis In Corp.,2024-04-22 16:30:22
199,Nero Lawson,nunc.sollicitudin@protonmail.com,(329) 807-4365,Posuere At Velit LLP,2025-06-26 15:17:53
200,Jamal Thornton,ridiculus.mus@aol.com,1-288-707-4432,Integer Institute,2025-05-15 21:39:59
201,Curran Harmon,pretium.neque@aol.couk,(512) 863-7052,Lectus Limited,2025-10-11 06:18:34
202,Raymond Fernandez,eget.laoreet@aol.edu,1-436-647-7263,Libero Proin Institute,2024-08-31 09:47:46
203,Quyn Lara,enim.condimentum@hotmail.ca,1-577-381-3037,Velit Justo Nec LLP,2025-02-27 00:18:25
204,Talon Key,vulputate.ullamcorper.magna@protonmail.edu,(895) 905-1736,Cras Vulputate Ltd,2023-12-31 04:09:09
205,Gavin Pace,nulla.dignissim@google.edu,(657) 987-8385,Eget Magna Foundation,2025-08-12 07:08:16
206,Drake Quinn,ligula.eu@icloud.couk,1-413-378-1944,Lectus Justo LLP,2025-02-24 06:32:57
207,Germaine Knapp,ligula@google.com,1-434-811-0437,Dictum Cursus Nunc Company,2024-05-06 07:56:03
208,Raven Boyle,ullamcorper@icloud.org,(344) 940-3272,Aliquam Eros Turpis Industries,2025-02-11 06:43:13
209,Zeus Buckley,fringilla.ornare@protonmail.com,1-243-583-1650,Lorem Fringilla Ornare Inc.,2024-03-08 08:08:07
210,Connor Evans,nunc.ullamcorper@outlook.ca,1-443-362-3055,Pede Sagittis Augue Ltd,2025-11-17 12:07:44
211,Mercedes Richardson,eu@icloud.edu,1-489-327-7646,Sodales Elit Erat Corporation,2024-11-22 19:19:59
212,Yuri Lynch,et@icloud.org,1-766-385-7368,Eget LLC,2023-12-31 23:20:34
213,Magee Perkins,nec@google.com,(865) 476-9608,Lectus Quis LLC,2024-05-27 12:01:06
214,Shea Meadows,sodales.purus@google.couk,1-457-536-1018,Libero At Inc.,2024-05-30 12:53:12
215,Kathleen Lyons,urna@outlook.org,(478) 349-5487,Justo Nec Corporation,2025-07-09 01:29:08
216,Baxter Nieves,sed.molestie.sed@protonmail.net,(522) 498-1603,Auctor Ullamcorper Nisl Institute,2024-06-20 07:52:37
217,Buffy Fields,cras.eget@hotmail.couk,1-625-361-5117,Facilisis Magna Inc.,2025-07-23 18:58:04
218,Lani Barnes,turpis.egestas@hotmail.couk,(127) 302-1953,Non Luctus Incorporated,2024-08-10 09:39:43
219,Stacey Mack,consectetuer.mauris.id@yahoo.ca,(416) 582-7566,Metus Eu Corp.,2025-02-06 08:14:00
220,Colorado Peterson,ultrices.iaculis@icloud.net,1-621-474-5663,Ac Feugiat Non LLC,2024-09-10 15:01:16
221,Catherine Tyson,augue@google.net,1-333-622-6117,Sapien Cras Dolor Institute,2025-10-10 04:06:26
222,Allistair Lee,quisque.ac@yahoo.net,(575) 528-1500,Eu Augue Corporation,2024-12-30 04:53:05
223,Jarrod Greer,dolor.nulla@outlook.org,1-592-271-5743,Ligula LLP,2024-09-16 15:41:13
224,Denton Nichols,in@aol.ca,1-517-988-6358,Orci Associates,2025-04-20 19:41:54
225,Oren Peck,quis.turpis@yahoo.ca,(447) 723-9114,Dolor Quisque LLC,2025-11-14 10:08:03
226,Katelyn Barnett,ante@aol.edu,(218) 224-7357,Praesent Interdum Consulting,2024-10-03 14:07:45
227,Indira Sutton,est.mauris@aol.ca,(426) 380-4841,At Incorporated,2025-07-06 11:16:47
228,Shelly Mercado,pharetra.quisque.ac@hotmail.net,1-822-841-1881,Nulla Cras Incorporated,2024-12-21 01:18:06
229,Octavia English,nullam@yahoo.couk,1-332-519-5716,Blandit Nam Inc.,2025-10-06 19:49:24
230,Lewis Boyd,quis.pede@google.com,1-765-885-0873,Libero Integer PC,2024-03-28 10:43:21
231,Dahlia Kelley,velit@aol.net,(776) 672-5045,Tellus Lorem Company,2025-09-09 14:02:08
232,Vivian Stevens,et.arcu@aol.couk,(952) 982-6711,In Institute,2025-06-29 20:40:47
233,Sara Shields,urna.nec@icloud.couk,(805) 895-5852,Mauris Non Associates,2024-11-15 18:26:13
234,Robin Duncan,sed@hotmail.couk,1-365-188-2368,Ullamcorper Magna PC,2025-06-01 05:29:20
235,Bernard Hendricks,donec.sollicitudin@aol.couk,(613) 866-1650,Ut Incorporated,2024-12-12 09:39:31
236,Daquan Houston,aliquam@outlook.com,(511) 644-3597,Cras Vehicula Limited,2024-11-19 18:19:47
237,Slade Cantrell,scelerisque@yahoo.net,1-839-255-1936,Fermentum Risus LLP,2024-04-29 06:09:31
238,Hedley Dalton,nunc.sed@google.couk,(368) 419-3651,Mauris Blandit Inc.,2024-07-21 22:33:32
239,Alec Morrison,convallis.in@hotmail.org,(328) 674-5522,Cursus Et Ltd,2024-09-25 15:24:56
240,Gisela Weber,integer.aliquam.adipiscing@outlook.edu,1-436-615-8755,Arcu Vivamus Consulting,2024-12-22 18:46:17
241,Yolanda Delacruz,congue@icloud.org,1-242-718-1562,Malesuada Integer Id Institute,2024-02-08 06:23:54
242,Hall Phillips,lacinia.vitae@hotmail.com,1-676-471-4297,Commodo Associates,2025-09-26 06:18:32
243,Alyssa O'donnell,nunc.sollicitudin.commodo@yahoo.couk,(947) 348-1551,Curabitur Consequat Company,2024-11-28 07:26:27
244,Eleanor Church,erat.vel@aol.edu,(521) 628-1524,Nec Diam Corporation,2025-10-09 01:49:46
245,Elvis Waller,dapibus.ligula@hotmail.couk,1-531-842-4215,Elementum Dui Incorporated,2025-04-23 08:26:13
246,Diana Alford,ornare.in@aol.couk,(215) 376-8222,Eleifend Ltd,2024-01-14 11:22:59
247,Benjamin Whitley,nulla.tincidunt@outlook.org,1-202-270-0175,Pede Ltd,2025-10-27 13:01:02
248,Amela Thornton,metus.vivamus@yahoo.org,1-892-561-8650,Massa Vestibulum Corp.,2025-09-17 04:18:07
249,Petra Duke,bibendum.sed.est@icloud.org,(822) 748-7863,A Inc.,2025-06-10 17:31:36
250,Dominic Lester,ante@hotmail.couk,(397) 161-1671,Nunc Industries,2025-04-28 08:09:17
251,Lysandra Mueller,iaculis.aliquet.diam@hotmail.org,1-518-218-9813,Ipsum Non Company,2025-08-18 02:10:56
252,Cynthia Garcia,nunc.risus@google.net,1-102-383-2187,Est Congue Industries,2025-09-11 09:02:47
253,Acton Kent,proin.eget@outlook.couk,(885) 351-4155,Ad Inc.,2025-10-16 15:04:56
254,Dawn Robbins,metus.in@outlook.com,(843) 403-1288,Amet Corp.,2024-10-24 23:39:37
255,Henry Stone,dolor.vitae@protonmail.net,1-398-774-1354,Natoque Corporation,2024-05-26 23:37:32
256,Lara Lambert,magna.sed@icloud.net,(731) 324-4015,Est Ac Corp.,2024-12-20 06:41:23
257,Chiquita Church,nam.ac@protonmail.edu,1-151-252-1471,Ut Pharetra Sed Consulting,2024-06-16 07:07:33
258,Frances Elliott,aenean.euismod@protonmail.com,(438) 827-6041,Sed Associates,2024-02-20 15:51:20
259,Christian Elliott,urna@protonmail.org,1-872-781-5346,Sem Eget Ltd,2025-03-06 16:09:20
260,Mary Mcpherson,non@yahoo.edu,(714) 289-8363,Pede Nec LLP,2024-09-21 14:09:16
261,Brynn Guerra,faucibus.leo@aol.edu,1-728-555-6527,Ligula Aliquam Erat Limited,2024-08-13 15:59:35
262,Linus Whitehead,ultrices.posuere@aol.com,(720) 408-9158,In Condimentum Limited,2024-09-08 11:07:36
263,Xandra Cooke,in.lobortis@outlook.com,1-953-313-1231,Sit Amet Metus LLC,2024-02-02 08:51:30
264,Lesley Nelson,fringilla.ornare@aol.couk,1-786-704-5663,Eu Lacus Quisque Ltd,2025-12-06 21:02:42
265,Sierra Cain,nunc.mauris.elit@hotmail.edu,(455) 476-7143,Parturient Montes Inc.,2025-01-21 02:31:31
266,Brenna Owen,nibh.phasellus@icloud.com,1-679-635-3881,Nullam Nisl Maecenas LLP,2024-09-23 02:29:42
267,Doris Buck,arcu@hotmail.org,(294) 742-6438,Vehicula Et LLP,2025-03-08 16:33:46
268,Jack Hernandez,sed@icloud.edu,1-395-576-3273,Nunc Mauris Morbi Institute,2025-11-22 13:52:37
269,Micah Douglas,vitae.nibh@protonmail.net,1-112-412-6689,Velit Associates,2024-02-21 02:39:37
270,Marcia Carr,vel.quam@protonmail.org,1-717-622-0140,Mauris Ipsum Porta Limited,2024-01-31 07:46:22
271,Kane Estrada,nunc.mauris.morbi@icloud.ca,1-213-781-7473,Est Ac Facilisis Foundation,2024-02-17 06:00:07
272,Amelia Hopper,id.mollis@icloud.org,1-612-317-1508,Lorem Ipsum PC,2024-10-27 10:40:32
273,Reese Morin,proin.dolor@hotmail.edu,1-481-205-7571,Nec Cursus A Associates,2024-10-24 03:00:17
274,Honorato Newton,accumsan.neque@aol.net,1-777-544-1151,Justo Incorporated,2025-03-24 09:57:51
275,Violet Levine,est.mauris@yahoo.edu,(612) 352-3756,Auctor Nunc Nulla Institute,2024-11-30 23:38:13
276,Zephania Brennan,ipsum.cursus.vestibulum@yahoo.org,1-810-515-9804,Imperdiet Dictum Company,2024-08-31 08:21:00
277,Sasha Molina,duis@icloud.com,(354) 128-5415,Volutpat Ornare Institute,2023-12-26 01:48:52
278,Maya Benton,mi@aol.edu,1-725-448-1153,Id Libero Donec Ltd,2025-07-14 20:40:36
279,Aretha Gray,elementum.lorem@google.edu,(271) 337-1362,Montes Institute,2023-12-19 00:23:57
280,Kamal Briggs,vulputate@outlook.edu,1-863-383-8636,Dignissim Maecenas Foundation,2025-08-25 13:41:25
281,Peter Melton,risus.in@protonmail.com,(468) 263-7138,Fusce Aliquet Institute,2025-10-01 11:05:32
282,Madaline Watts,nec.enim@aol.couk,(730) 170-7418,Arcu Eu Industries,2025-06-08 19:58:47
283,Kato Rodriguez,aliquam@google.net,1-593-553-5377,Pede Cum LLC,2024-12-01 22:18:39
284,Maile Knapp,faucibus.orci@icloud.org,1-775-166-5245,Nunc Mauris Morbi Associates,2025-05-11 03:44:28
285,Irma Young,lobortis.class@protonmail.edu,1-578-742-7434,Eleifend Cras Sed Ltd,2024-03-27 17:32:27
286,Sophia Hodge,massa.mauris@icloud.org,(438) 643-1499,Sed Sapien Corporation,2025-01-15 07:52:06
287,Bevis Hensley,vestibulum@yahoo.org,(465) 215-4422,Lorem Sit Amet LLP,2024-08-25 09:06:14
288,Demetrius Burris,at.fringilla.purus@protonmail.edu,(611) 628-0737,Ac Mattis Semper Inc.,2025-02-08 04:50:21
289,Bertha Graves,turpis@yahoo.edu,(476) 964-1812,Hendrerit A Foundation,2025-02-05 06:02:58
290,Rama Bradley,lorem.luctus@hotmail.net,1-323-752-0680,Pede Blandit Corp.,2025-12-01 07:38:35
291,Raymond Gonzales,arcu@aol.edu,(932) 585-1851,Eget Nisi Institute,2024-09-29 11:44:04
292,Hayden Black,enim@yahoo.org,1-638-361-2825,Faucibus Inc.,2025-11-03 20:19:39
293,Lionel Carson,lorem@google.org,1-871-384-6947,Placerat Foundation,2024-09-13 02:45:16
294,Lunea Snyder,varius.orci@outlook.couk,(562) 496-5227,Nec PC,2025-07-27 20:18:14
295,Jayme Allen,consequat.enim.diam@aol.net,1-373-955-7633,Purus Industries,2024-06-29 02:55:18
296,Colt Robinson,hendrerit.neque.in@yahoo.edu,(295) 884-4514,Turpis Nulla Aliquet Institute,2024-02-09 01:03:47
297,Jolene Key,pulvinar.arcu@google.couk,(694) 214-8597,Dolor PC,2024-08-17 11:11:38
298,Linus Todd,pede@aol.edu,1-582-237-8523,Eu Dolor Corporation,2024-08-20 22:40:21
299,Raja Raymond,nisl.quisque.fringilla@yahoo.couk,(713) 838-5147,Adipiscing Lacus Foundation,2024-11-21 12:38:14
300,Rachel Whitaker,diam.duis@hotmail.ca,(972) 542-7124,Integer Ltd,2025-08-06 03:24:38
301,Garrett Evans,sodales.mauris.blandit@outlook.org,(374) 892-6672,Suspendisse Commodo Ltd,2025-07-01 06:54:52
302,Kirk Orr,dui@protonmail.net,(281) 637-5716,Elit Pede Incorporated,2023-12-20 19:37:23
303,Clarke Terrell,sed.sem@yahoo.net,(445) 647-2148,Nonummy Ac Feugiat LLC,2025-03-11 12:08:16
304,Zane Kirby,est.ac@outlook.ca,1-333-550-8947,Ac Mattis Foundation,2025-11-08 04:48:37
305,Demetrius Forbes,dictum.cursus@yahoo.ca,1-857-328-1816,Et LLP,2024-09-25 20:29:37
306,Bree Dorsey,phasellus.dolor@aol.ca,1-712-837-4213,Tortor At Incorporated,2025-07-16 23:25:57
307,Cheyenne Petersen,feugiat.nec.diam@google.net,1-863-357-4729,Ligula Aenean Euismod LLP,2024-01-26 01:53:17
308,Xyla Buchanan,a@hotmail.org,(928) 940-3289,Mauris Limited,2025-07-08 09:30:58
309,Doris Kline,venenatis.vel@aol.ca,1-441-524-8646,Lacinia Orci Limited,2024-11-15 07:19:25
310,Reagan Castaneda,quis.massa@hotmail.net,(854) 363-8816,Diam Luctus Lobortis Inc.,2023-12-22 04:47:01
311,Ina Sanford,donec.tincidunt@protonmail.ca,(573) 382-7619,Facilisis Eget LLP,2025-01-17 22:56:35
312,Jada Donaldson,laoreet.posuere@outlook.net,1-358-804-1709,Litora Torquent Incorporated,2025-12-03 03:37:57
313,Jennifer Ross,volutpat.nunc@protonmail.com,(767) 524-9017,Montes Limited,2024-12-22 11:33:31
314,Keefe Bullock,donec@yahoo.com,(231) 359-1383,Mi Eleifend Egestas Foundation,2025-04-10 15:51:51
315,Kiona Turner,convallis@outlook.ca,1-907-258-2774,Elementum Lorem LLC,2025-07-20 20:39:37
316,Russell Crosby,ac@protonmail.com,(993) 896-4272,Vitae Semper Corp.,2024-03-23 22:53:07
317,Dylan West,sed.auctor@google.com,1-248-299-0178,Eros Nec Limited,2025-06-22 21:16:07
318,Roary Boyd,arcu@outlook.org,(986) 657-8592,Arcu Curabitur Ut Industries,2024-11-18 02:12:39
319,Jocelyn Battle,at.egestas@outlook.ca,1-718-987-6410,Nam Ligula Elit Consulting,2025-09-26 13:12:07
320,Ayanna Keller,luctus.ipsum.leo@protonmail.ca,(956) 934-6676,Quisque Tincidunt Ltd,2025-02-06 12:21:27
321,Marah Morton,eleifend@outlook.net,1-780-742-4542,Amet LLC,2024-01-23 13:51:18
322,Rhiannon Rosa,nec.euismod@protonmail.ca,1-763-207-1629,Ultricies Ligula LLC,2024-10-06 11:11:56
323,Herrod Kemp,rhoncus@icloud.net,(308) 457-3191,Metus PC,2024-06-26 10:58:00
324,Carter Buckner,neque.vitae.semper@protonmail.org,1-724-647-7603,Hendrerit Id Ante LLP,2023-12-30 04:49:03
325,Hakeem Ferguson,pellentesque.tellus@protonmail.org,(388) 457-4855,Mollis Integer Industries,2024-12-16 11:09:02
326,Blake English,in.molestie@protonmail.ca,1-254-886-5596,Adipiscing Inc.,2025-08-07 19:26:05
327,Iola Riley,sem.mollis@icloud.org,1-621-662-2541,Est Ac Facilisis PC,2025-06-01 10:04:52
328,Heather Douglas,scelerisque.dui@hotmail.ca,1-432-341-6328,Lacus Pede Sagittis Inc.,2024-05-08 15:54:08
329,Madeline Kirby,donec.consectetuer.mauris@aol.edu,1-115-543-1211,Sem Magna Industries,2024-02-07 05:22:33
330,Zachery Sparks,pellentesque@outlook.couk,1-362-256-6742,Erat Nonummy PC,2024-09-18 00:21:11
331,Cooper Riddle,sed.turpis@protonmail.com,1-347-837-5006,Ligula Aenean Foundation,2025-03-09 07:11:12
332,Marvin Camacho,dolor.elit@aol.com,1-567-667-2162,Sem Molestie Sodales Limited,2024-10-23 04:43:26
333,Keith Moss,sem.consequat@icloud.ca,1-862-218-9675,In Faucibus Associates,2024-04-18 12:42:23
334,Charlotte Craft,nonummy@yahoo.com,(818) 551-2403,Sed Turpis Institute,2024-04-10 05:54:47
335,Colt Wilder,vivamus.sit@protonmail.net,1-364-379-3365,Accumsan Neque Et Incorporated,2024-05-27 11:57:05
336,Naomi Bray,litora.torquent@google.couk,(674) 211-1151,Porttitor Interdum Sed Incorporated,2025-09-15 23:09:20
337,Briar Sims,quis.pede@aol.com,(237) 559-6155,Vulputate Nisi Inc.,2024-05-18 17:13:59
338,Beck Small,dapibus.ligula.aliquam@icloud.couk,(424) 343-4123,A Tortor Inc.,2025-09-10 04:45:32
339,Hashim Macdonald,urna.justo@aol.couk,(664) 146-1773,Eros Company,2025-05-13 04:29:45
340,Ariel Baxter,et@google.edu,1-769-212-0499,Lorem Ut Company,2024-04-01 18:03:40
341,Whitney Church,consectetuer@protonmail.com,1-733-748-7735,Duis Dignissim Tempor Industries,2025-11-27 14:08:02
342,Kessie Huffman,eros.nec@outlook.com,1-143-231-4536,Leo Inc.,2025-05-11 02:52:38
343,Sean Haley,amet.metus.aliquam@aol.net,1-678-257-2115,Nostra PC,2024-06-25 14:00:08
344,Brock Cherry,nibh.vulputate.mauris@outlook.net,1-256-593-6434,Enim Commodo Company,2025-04-26 23:14:28
345,Virginia Lang,egestas.sed@icloud.ca,(416) 719-8648,Quis Pede Praesent Associates,2025-10-12 00:58:34
346,Chaim Case,sociis@yahoo.net,1-764-473-7878,Pharetra Sed Limited,2024-06-14 01:53:55
347,Bert Franks,amet.orci@outlook.com,1-454-758-8185,Sed Libero Ltd,2025-04-15 12:20:37
348,Ann Mccall,nonummy.ultricies@protonmail.net,(466) 766-3886,Risus Odio Auctor Associates,2024-06-10 03:32:32
349,Miriam Pierce,erat.vivamus.nisi@aol.edu,(363) 300-8711,Metus Urna Convallis Associates,2025-09-27 05:41:34
350,Jarrod Mays,bibendum.fermentum@hotmail.couk,1-471-222-7325,Faucibus Morbi Vehicula Corporation,2025-07-20 12:17:27
351,Declan Alvarado,ut.aliquam@yahoo.edu,1-467-254-4171,Bibendum Corporation,2024-12-06 11:06:15
352,Duncan Humphrey,tellus.eu.augue@yahoo.org,1-662-231-4281,Neque Nullam Nisl LLC,2023-12-12 06:44:22
353,Allistair Lawson,mattis.integer@protonmail.ca,(682) 953-5502,Nisl Nulla Incorporated,2024-10-19 16:54:43
354,Matthew Davis,neque.vitae.semper@icloud.net,1-115-886-5467,Ut Tincidunt Foundation,2025-04-17 03:49:21
355,Austin Nichols,nisl.arcu@aol.net,1-618-884-9746,Sed Nec Industries,2025-04-26 02:38:57
356,Shafira Vasquez,nisi.cum@outlook.ca,1-103-857-7335,Erat Corporation,2024-11-06 23:37:31
357,Harding Rosa,eu.odio@protonmail.couk,(418) 133-3836,Non Leo Vivamus LLP,2025-06-20 18:59:13
358,Kiayada Sutton,laoreet.lectus@yahoo.net,(774) 837-6575,Ut Tincidunt Institute,2025-06-09 12:43:14
359,Cadman Hinton,dictum.mi.ac@outlook.ca,(216) 408-3156,Consequat Limited,2024-02-27 14:57:11
360,Cole Robbins,eros.proin@aol.edu,(858) 983-2485,Accumsan PC,2025-05-08 17:36:05
361,Tasha Mills,consequat.nec@google.couk,1-409-412-1745,Enim Etiam Gravida LLP,2024-11-06 04:24:44
362,Rose Clay,sem.semper.erat@yahoo.edu,1-173-662-5042,Amet Luctus LLP,2024-02-23 18:07:37
363,Carlos Alexander,ligula.tortor.dictum@google.couk,1-213-274-8421,Laoreet Ipsum Curabitur Foundation,2024-01-22 23:32:32
364,Marshall Nguyen,in.scelerisque.scelerisque@outlook.com,1-414-476-3427,Ridiculus Corporation,2024-09-19 07:10:13
365,Oleg Moore,ligula.aliquam@google.net,1-817-651-6292,Auctor Odio Inc.,2024-06-10 14:22:37
366,Evan Koch,id.enim@hotmail.org,1-368-463-9755,Massa Lobortis Corporation,2025-10-11 06:02:39
367,TaShya Armstrong,tincidunt.dui@aol.org,1-273-946-3313,Ornare Placerat PC,2025-04-07 22:47:29
368,Cara Castro,ligula.aliquam@icloud.ca,(581) 701-4291,Elementum Dui Limited,2024-12-20 18:49:56
369,Dane Case,eget.ipsum@icloud.org,(908) 204-4262,Pede Industries,2025-02-03 12:49:35
370,Holmes Stevenson,nullam.feugiat@aol.edu,1-638-885-6147,Lorem Ltd,2025-11-23 20:25:49
371,Felicia Skinner,ac.libero@outlook.org,1-685-480-5561,Euismod Limited,2025-06-01 22:01:08
372,Sopoline Gregory,suspendisse.dui@protonmail.com,1-241-846-4842,Vulputate Nisi Inc.,2025-03-08 12:16:49
373,Shaeleigh Martin,et@hotmail.ca,1-626-771-1475,Sed Nunc Corporation,2025-10-14 03:14:33
374,Iris Lloyd,et@yahoo.edu,(746) 413-1650,Faucibus Incorporated,2025-02-27 20:43:30
375,Mallory Gay,nunc.sollicitudin@aol.net,1-519-715-5278,Mi Enim Condimentum Ltd,2025-06-09 19:18:13
376,Giselle Maxwell,venenatis.lacus@yahoo.net,(448) 878-8361,Dapibus Rutrum Associates,2025-06-29 03:38:10
377,Alika Tate,cras@yahoo.couk,(859) 324-5460,Donec Est Associates,2024-03-23 09:53:45
378,Jameson Goodman,cras.eu@yahoo.couk,(941) 644-2912,Mauris Incorporated,2025-10-17 12:00:03
379,Zena Hopper,primis@outlook.net,(256) 330-4452,Vel Venenatis Vel Consulting,2025-04-23 21:44:26
380,Garrett Curtis,magnis.dis@protonmail.couk,(748) 788-8694,Purus Duis LLP,2024-05-23 11:46:35
381,Rhonda Higgins,elit.dictum.eu@hotmail.ca,1-225-250-2347,Orci Donec Nibh LLP,2025-05-16 17:28:47
382,Todd Ferguson,neque.et@aol.ca,(820) 923-5566,Curae Donec Limited,2024-03-10 13:57:12
383,Jakeem Leblanc,vitae.nibh@outlook.com,1-477-227-2230,Quisque Nonummy Corp.,2024-06-24 21:00:41
384,Sigourney Pena,dictum.augue.malesuada@hotmail.edu,(567) 226-4146,A PC,2024-12-08 05:40:20
385,Alma Cantrell,consectetuer@yahoo.edu,(168) 443-2334,Vel Nisl Quisque Foundation,2025-12-08 17:43:21
386,Brett Atkins,ad.litora@google.com,(998) 554-8698,Vulputate Ullamcorper Magna LLP,2024-02-27 14:49:39
387,Ivor Weber,lorem.vehicula.et@google.edu,(675) 983-1869,Metus In Foundation,2024-01-06 09:59:16
388,Rooney Lane,ut@yahoo.ca,1-984-569-4218,At Sem Molestie Corp.,2024-08-17 09:22:14
389,Gillian Knox,duis.gravida@aol.org,(161) 374-8867,Mauris LLC,2024-08-11 10:58:51
390,Warren Hebert,hendrerit.id@outlook.couk,(207) 347-2183,Semper Et Limited,2024-12-07 17:13:23
391,Trevor Pruitt,duis.dignissim@google.ca,(429) 244-6680,Vitae Nibh Corporation,2025-03-11 02:56:41
392,Maya Aguilar,malesuada@google.org,(822) 293-7244,Aliquam Institute,2024-12-20 05:09:36
393,Zelda Oneal,lorem.vitae@yahoo.net,1-817-662-4617,Lorem Ut Aliquam Associates,2025-08-09 19:02:32
394,Magee Washington,ut.pharetra.sed@yahoo.ca,(687) 731-8162,Eget Nisi Corp.,2025-02-24 18:08:42
395,Oprah Franklin,neque.nullam@outlook.ca,(251) 862-8236,Egestas Rhoncus Industries,2025-12-09 09:15:39
396,Abdul Roman,sit@icloud.edu,1-883-547-7916,Quis Diam LLP,2025-04-04 03:13:26
397,Nehru Perry,sodales@aol.ca,(216) 535-2817,Mi Limited,2024-05-31 23:16:05
398,Belle Mayer,sem.semper@hotmail.ca,(455) 697-1815,Ipsum Primis Incorporated,2025-01-19 07:33:31
399,Merritt Tanner,id.nunc@outlook.edu,1-318-664-3750,Donec PC,2024-11-09 16:37:44
400,Halee Sims,nisi.a@protonmail.edu,1-342-317-4193,Et Lacinia Vitae Associates,2025-10-10 13:22:35
401,Chantale Stafford,leo.in.lobortis@outlook.net,1-363-404-8952,Nulla Donec LLC,2025-03-12 23:07:07
402,Charles Albert,ut.pharetra.sed@aol.couk,1-714-944-1349,Lectus Ltd,2025-10-15 11:50:28
403,Scarlett Whitaker,diam@aol.org,(721) 221-7467,Sed Facilisis Corp.,2024-08-31 10:55:24
404,Tanya Knowles,pede@aol.edu,1-676-684-5338,Enim Nisl Foundation,2024-05-05 03:44:02
405,Nathan Harmon,metus.urna@outlook.edu,(918) 596-6214,Integer Vulputate Risus PC,2024-08-23 19:32:34
406,Dean Blake,id@google.com,1-109-487-3276,Vel Mauris LLC,2024-10-27 14:26:45
407,Marshall Williams,sagittis@yahoo.org,(563) 646-6636,Ante Ipsum Corp.,2025-02-05 12:01:46
408,Lael Mccoy,sapien.cras@aol.net,(661) 542-7125,Orci Associates,2024-12-14 00:20:45
409,Tana Owens,nullam@google.couk,1-412-694-1235,Morbi Consulting,2024-05-26 06:12:11
410,Brielle Albert,dolor@icloud.couk,1-951-687-4574,Conubia Nostra Limited,2024-02-12 10:56:01
411,Christopher Contreras,nulla.integer@google.net,1-715-410-4783,Massa Rutrum Associates,2025-07-12 02:55:32
412,Buckminster Roman,mollis.non@protonmail.com,(737) 626-5138,Nam Ac Nulla Industries,2025-08-06 18:48:43
413,Quinlan Lynn,mauris.sagittis.placerat@hotmail.com,1-966-235-4621,Tellus Aenean Associates,2024-04-27 01:57:28
414,Teegan Marquez,nulla.dignissim.maecenas@icloud.edu,1-845-752-4373,Ante LLC,2025-08-18 20:59:50
415,Andrew Freeman,tincidunt.pede@aol.ca,(672) 738-1602,Lacinia Sed Ltd,2024-06-12 20:38:43
416,Paki Navarro,lorem.ipsum@google.edu,(533) 451-8883,Orci Luctus Ltd,2025-06-16 11:22:15
417,Avram Berger,nulla.facilisis.suspendisse@google.edu,1-629-790-1337,Consectetuer Adipiscing PC,2025-10-05 03:09:42
418,Emerson Wilcox,auctor.odio@outlook.edu,(635) 371-0404,Lacinia Incorporated,2025-03-28 02:45:16
419,Forrest Sexton,faucibus.morbi@icloud.ca,1-792-501-7888,Orci Lobortis Institute,2025-08-28 15:36:13
420,Walter Sampson,malesuada.id.erat@outlook.couk,1-713-564-0606,Adipiscing Limited,2025-04-22 08:58:36
421,Jerry Wallace,tincidunt.nibh@outlook.org,1-188-615-1445,Orci Ut Semper Institute,2024-05-16 09:16:03
422,Melodie Riddle,at@icloud.net,(100) 784-5033,Faucibus Id Corporation,2024-07-21 23:20:34
423,Kirestin Gill,lorem.auctor.quis@aol.org,(756) 682-6214,Eget Laoreet Limited,2025-05-15 19:32:55
424,Hiram Black,dignissim.tempor@icloud.couk,1-789-828-4478,Vel LLP,2025-03-30 06:49:11
425,Ariel Alexander,sed.pede@outlook.org,(466) 622-4173,Malesuada Augue Corporation,2024-10-28 18:36:26
426,Geraldine Kane,cursus@google.org,(481) 173-9151,Ac Ipsum Phasellus Institute,2024-10-10 11:25:59
427,Len Wyatt,aliquet.vel@yahoo.org,1-806-756-4063,Curabitur Massa Inc.,2024-06-02 01:52:20
428,Charde Kemp,non.ante@protonmail.couk,(241) 842-6054,Interdum Enim Ltd,2025-11-22 22:25:03
429,Kenyon Powell,phasellus.ornare@google.edu,1-715-777-4326,Aenean Eget Metus Foundation,2024-07-16 06:35:59
430,Kieran Torres,eu@yahoo.edu,1-521-321-7457,Donec PC,2025-04-12 08:43:06
431,Gabriel Beck,in.magna@hotmail.edu,1-788-923-8946,Duis Elementum LLP,2024-06-08 01:21:17
432,Genevieve Wilkinson,volutpat@yahoo.ca,(395) 617-1772,Aliquet Molestie Foundation,2024-06-10 05:16:03
433,Ebony Blankenship,tempus.non@aol.couk,1-728-187-7203,Vestibulum Neque Sed Incorporated,2024-10-09 16:10:07
434,Berk Reed,posuere.at.velit@outlook.ca,1-689-257-6966,Sit Amet Risus Foundation,2024-06-08 10:54:57
435,Kelly Dalton,donec.felis.orci@hotmail.net,(693) 360-8557,Commodo Ltd,2024-07-18 16:24:26
436,Deacon Knight,amet.luctus@google.net,(122) 735-3834,Neque Vitae Incorporated,2025-04-25 19:09:31
437,Sydnee Cervantes,ultricies.ornare@outlook.couk,(689) 911-4396,Vitae Aliquet Corporation,2024-07-27 14:54:50
438,Tana Lang,morbi.non.sapien@yahoo.couk,1-713-316-8753,Nonummy PC,2025-06-13 03:04:23
439,Margaret Holt,elit@yahoo.couk,1-770-801-7614,Montes Nascetur Industries,2024-03-31 11:04:10
440,Dominic Whitney,mauris.eu@hotmail.net,1-108-783-3798,Mus Proin Industries,2025-03-07 06:00:15
441,Hollee Sosa,vel.turpis@yahoo.net,1-437-568-1876,Vel Venenatis LLP,2025-08-03 18:08:56
442,Winter Burt,nunc.sit@icloud.couk,(811) 365-9821,Eu Institute,2025-06-25 15:22:44
443,Eagan Sawyer,eget@outlook.ca,(978) 304-6633,Nonummy Ac Associates,2024-11-20 14:52:11
444,Hyacinth Blake,lectus.convallis@protonmail.couk,(228) 580-6640,Nonummy Ultricies Institute,2024-09-30 08:32:44
445,Aimee Trevino,tellus@protonmail.ca,(242) 832-3675,Urna Justo Faucibus Corporation,2024-12-21 17:22:23
446,Macaulay Fletcher,risus.duis@aol.org,1-903-633-1851,Quisque Nonummy Consulting,2024-02-14 13:18:36
447,Herrod Horne,a@outlook.couk,1-478-605-3673,Convallis Foundation,2024-05-27 16:32:42
448,Gail Macias,aliquet@hotmail.net,(692) 336-4822,Feugiat Metus Sit Limited,2025-07-22 19:13:01
449,Zena Sawyer,tempor.diam.dictum@outlook.net,1-492-402-4245,Purus Associates,2024-04-21 19:34:54
450,Yael Boyer,adipiscing.mauris@protonmail.ca,1-252-944-7881,In Consectetuer Associates,2024-02-11 11:37:28
451,Stone Kane,etiam.ligula@google.couk,(736) 262-9560,Aliquam Incorporated,2024-05-18 22:36:29
452,Joel Gibson,tempus.lorem.fringilla@hotmail.com,(518) 439-5781,Pellentesque Corporation,2024-10-31 18:27:11
453,Chava Webster,nulla.magna.malesuada@google.couk,(378) 713-6774,Risus A Corp.,2024-01-26 12:57:11
454,Pascale Bowen,orci.tincidunt.adipiscing@hotmail.org,1-476-411-9029,Quam Vel Sapien Associates,2025-11-17 23:47:41
455,Ian Key,massa.vestibulum@aol.org,(147) 277-3602,Eleifend Ltd,2024-01-08 12:40:23
456,Derek Jefferson,libero.nec.ligula@google.edu,1-844-328-4465,Lobortis Augue Scelerisque Associates,2024-10-05 21:54:13
457,Azalia Benjamin,dictum.eu.placerat@protonmail.ca,1-412-141-3800,Mi Lorem Limited,2025-11-07 00:31:05
458,Ashton Buck,cras.dolor@icloud.ca,(247) 933-3496,Vestibulum Corp.,2023-12-21 15:38:04
459,Warren Pitts,tempus.risus@protonmail.edu,1-249-543-7173,Leo Morbi Foundation,2024-12-24 11:31:56
460,Martin O'connor,amet.risus@icloud.net,1-245-325-3973,Ligula Eu Enim LLC,2024-01-31 16:57:49
461,Malcolm James,cursus.et@google.com,(833) 521-5284,Ornare Facilisis Eget Company,2025-09-01 16:14:04
462,May Stein,ac@protonmail.org,(248) 378-3318,Auctor Vitae Limited,2024-01-21 04:39:39
463,Maisie Parker,ullamcorper.duis@protonmail.org,1-806-716-8952,Auctor LLP,2024-10-19 12:03:03
464,Iliana Shelton,vivamus.sit@google.ca,1-661-468-5844,Laoreet Incorporated,2024-11-14 11:53:06
465,Plato Booth,rutrum.fusce@hotmail.net,(628) 581-5193,Lectus Convallis Est Corporation,2024-09-02 14:38:40
466,Declan Hurley,libero.dui@aol.couk,1-825-991-3788,In Condimentum Limited,2024-01-27 12:26:22
467,Peter Salinas,dis.parturient@outlook.net,1-844-612-4551,Nisi Foundation,2025-10-13 19:56:06
468,Hillary Cain,aliquam.eros.turpis@protonmail.edu,1-477-124-5572,Leo Associates,2024-11-30 19:03:53
469,Elton Barnes,adipiscing.non.luctus@icloud.edu,(163) 715-8632,Consequat Auctor Nunc Industries,2024-03-16 04:58:52
470,Tanek Lott,praesent.luctus@hotmail.org,(682) 825-1310,Elit A Company,2024-06-28 02:11:50
471,Rigel Bullock,lorem.sit@protonmail.edu,1-614-852-7807,Et Inc.,2025-10-24 11:05:26
472,Odessa Mcleod,non.cursus@aol.org,(119) 646-6881,Sit Amet Industries,2024-05-05 16:52:42
473,Jena Lara,felis.nulla@hotmail.org,(642) 169-2898,Lorem Semper Ltd,2024-12-17 11:02:16
474,Peter Harding,euismod.est@hotmail.net,1-701-728-3519,Dapibus Rutrum Justo Corp.,2025-12-05 00:24:26
475,Alfreda Rivers,varius.nam.porttitor@yahoo.com,(271) 256-9396,Aptent Taciti Sociosqu Corp.,2024-04-07 07:43:01
476,Willow Ball,orci.ut@yahoo.com,1-373-522-3167,Vel Lectus Cum PC,2025-03-16 22:56:43
477,Jacob Ball,consectetuer.euismod@icloud.org,1-340-235-3118,In Company,2025-03-26 12:20:27
478,James Scott,nulla.semper@yahoo.ca,(481) 478-3427,Tortor At Associates,2025-07-18 05:02:29
479,Rosalyn Castro,ipsum@yahoo.couk,1-706-327-6260,Risus Donec Limited,2024-09-14 21:08:21
480,Ifeoma Sears,mauris@outlook.ca,(375) 526-7333,Dapibus Id LLC,2025-04-25 17:22:15
481,Evangeline Strong,tincidunt.tempus.risus@hotmail.org,1-425-453-7888,Cursus Luctus Corporation,2024-08-26 07:48:27
482,Nomlanga Kent,sed.hendrerit.a@aol.org,1-632-932-3844,Justo Nec Corporation,2024-07-13 14:08:12
483,Bernard Vang,dignissim.pharetra@outlook.edu,1-489-822-5410,Mauris Integer Inc.,2023-12-27 05:56:52
484,Carlos Brady,eu@outlook.couk,1-937-543-2648,Dui LLC,2024-01-01 05:41:23
485,Alvin Bishop,nisi@protonmail.net,1-476-220-0255,Mattis Ornare Lectus Ltd,2024-03-26 03:54:46
486,Dawn Le,vestibulum.ut.eros@hotmail.edu,(446) 698-2659,Eu Eleifend Nec Industries,2025-09-10 09:42:33
487,Asher Chase,orci.adipiscing@hotmail.net,1-102-585-0856,Orci Ltd,2025-11-17 15:40:37
488,Alika Kane,vehicula@yahoo.edu,1-442-914-5814,Nisi Associates,2024-11-10 04:18:16
489,Leroy Vance,laoreet.ipsum.curabitur@outlook.org,(532) 528-6577,Mollis Duis Corporation,2024-02-18 17:27:16
490,Tiger Bartlett,eros.nam@aol.edu,(875) 757-7478,Cras Pellentesque Associates,2024-08-07 09:06:05
491,Gareth Sandoval,vitae.dolor.donec@google.net,(242) 346-7878,Vivamus Euismod LLC,2025-08-06 16:08:33
492,Willa Casey,nisi.dictum@protonmail.org,1-727-376-8292,Lobortis Nisi Nibh Ltd,2025-06-05 03:37:17
493,Kameko Dillon,ridiculus.mus@icloud.net,1-730-136-1973,Donec Non Justo Associates,2024-01-07 15:17:14
494,Camille Delaney,tristique.aliquet.phasellus@outlook.org,1-417-444-8352,Cum Incorporated,2023-12-29 09:56:15
495,Vera Padilla,nam.nulla.magna@outlook.ca,(473) 857-1651,Tincidunt Associates,2024-02-18 17:07:22
496,Orlando Hurley,sagittis.lobortis.mauris@protonmail.edu,1-472-352-6367,Quam Curabitur Vel Inc.,2025-06-19 06:57:28
497,Dane O'Neill,fusce.aliquam.enim@yahoo.edu,(281) 838-1755,Eu LLP,2025-10-20 05:17:42
498,Aaron Alvarado,ligula@hotmail.ca,(561) 831-7268,Bibendum Fermentum Metus Institute,2024-02-29 22:22:45
499,Portia Rose,magna@hotmail.net,1-374-704-4172,Fusce Corporation,2024-08-17 07:43:24
500,Wayne Love,egestas.blandit@outlook.edu,(852) 817-4240,Quis Corp.,2025-08-20 19:43:50
