id,name,email,phone,company,created_at
1,Mufutau Atkinson,sodales.at.velit@hotmail.edu,(604) 515-4126,Magna Et Ipsum PC,2024-06-03 13:47:12
2,Tyrone Whitley,commodo.tincidunt@google.net,(294) 268-8427,Elit Fermentum Risus Corporation,2025-07-29 19:36:14
3,Aaron Coffey,egestas@protonmail.couk,1-236-493-6311,Amet Limited,2025-11-17 19:58:37
4,Jack Ashley,vitae.nibh.donec@google.com,1-770-832-7145,Adipiscing LLP,2025-03-15 10:44:58
5,Griffith Hull,leo.vivamus@protonmail.ca,(911) 686-4359,Nisi Ltd,2024-06-14 03:45:52
6,Garrison Hogan,enim.diam.vel@google.ca,(172) 548-1805,Primis Incorporated,2025-11-23 08:16:46
7,Leigh Mcmillan,montes.nascetur@google.ca,1-525-428-1080,Hendrerit Neque Associates,2024-09-15 05:06:56
8,Idona Richards,semper.egestas@hotmail.com,1-458-506-7377,Tristique Ac Eleifend LLP,2024-09-10 06:36:28
9,Rooney Ford,lacus.mauris@protonmail.ca,(523) 564-3014,Non Quam LLC,2025-03-21 08:45:52
10,Cole Turner,cursus.purus.nullam@icloud.couk,(655) 303-1799,Aliquam Vulputate Associates,2025-03-31 11:03:35
11,Dacey Glenn,tellus.id@outlook.couk,1-228-413-2383,Augue Id LLC,2024-10-02 17:14:41
12,Karen Howe,viverra@google.org,1-669-941-5813,Donec Limited,2024-07-13 09:24:19
13,Adam Norman,in.faucibus.morbi@google.edu,(744) 216-1640,Eu Corporation,2025-09-07 07:56:43
14,Buckminster Hays,luctus.et@protonmail.ca,(564) 866-1045,Erat Eget Foundation,2025-10-28 13:54:34
15,Daquan Ross,amet@hotmail.com,(186) 853-4644,Velit Pellentesque Ultricies Inc.,2024-07-18 22:30:46
16,Shelly Cain,erat.nonummy.ultricies@yahoo.net,(873) 662-3668,Eu PC,2024-08-19 12:04:11
17,Ramona Guerra,purus@google.couk,1-843-281-7156,At Iaculis Incorporated,2024-03-25 12:42:07
18,Deacon Rowe,nulla@protonmail.org,1-884-141-0285,Nisi Associates,2025-06-30 23:00:19
19,Melinda Chandler,parturient.montes.nascetur@hotmail.couk,(250) 541-6985,Est Arcu Inc.,2024-06-20 14:29:01
20,Lionel Thornton,purus.mauris.a@icloud.couk,1-774-856-0343,Ornare Sagittis LLP,2025-03-03 01:12:14
21,Rae Neal,egestas.a@hotmail.org,(888) 950-6630,Diam Institute,2025-11-07 12:10:59
22,Walker Montoya,tempus.risus.donec@hotmail.org,1-769-644-5514,Placerat PC,2025-10-28 06:14:41
23,Kaitlin Walter,eu.eleifend.nec@aol.edu,(253) 368-6294,Libero Est Congue Inc.,2025-03-04 19:04:30
24,Lenore Griffin,sit.amet.metus@aol.edu,(624) 503-5443,Magna PC,2025-02-03 13:54:45
25,Aurelia Zamora,elit.a.feugiat@aol.ca,1-930-386-6286,Arcu Vestibulum Incorporated,2024-07-09 09:55:40
26,Ruby Tucker,cursus.in.hendrerit@outlook.couk,1-367-541-6617,Non Luctus LLC,2024-10-30 16:07:15
27,Bernard Kline,nec@outlook.com,1-161-849-8250,Adipiscing Lobortis Foundation,2025-09-26 13:17:19
28,Britanney Hebert,est@google.net,1-350-235-5623,Ut Sagittis Lobortis Corp.,2023-12-22 23:12:46
29,Darryl Mcbride,ullamcorper.nisl.arcu@outlook.net,(449) 377-3239,Lorem Ac LLC,2024-10-09 14:17:34
30,Victor Norris,ut.dolor@protonmail.couk,(637) 428-7162,Lacus Cras PC,2025-07-27 21:28:42
31,Jasmine Wong,at.nisi.cum@hotmail.com,1-697-179-2481,Pretium Et Limited,2025-04-17 08:35:30
32,Reed Slater,consequat.dolor@aol.com,(575) 782-2688,Non Lacinia Inc.,2025-06-23 16:38:11
33,Victoria Sellers,laoreet.ipsum@hotmail.org,(471) 969-4222,Non Massa Foundation,2024-07-10 11:53:18
34,Herrod Woodard,dictum.cursus.nunc@protonmail.couk,1-808-162-7710,Nascetur LLP,2024-12-21 03:29:59
35,Daria May,nulla.at@outlook.com,(779) 919-3797,Ipsum Dolor Corporation,2025-10-16 03:54:53
36,Blaze Mcconnell,tortor.nibh@protonmail.edu,1-230-746-7716,Facilisis Facilisis LLP,2025-03-26 21:28:08
37,Jerry Houston,cum.sociis@aol.net,(998) 745-4594,Turpis Institute,2025-06-05 16:18:03
38,Hermione Bowman,ac.libero@yahoo.net,1-484-737-3105,Nunc Industries,2025-10-31 23:05:26
39,Price Christian,mauris.nulla.integer@icloud.org,(679) 121-9961,Fusce Dolor Company,2024-07-29 11:49:24
40,Lynn Russell,eget.dictum@google.couk,(259) 431-7310,Dui Fusce Institute,2024-06-05 11:46:07
41,Victoria Paul,erat.semper@protonmail.edu,(265) 220-6496,Velit Egestas Associates,2024-07-17 14:16:38
42,Emery Patterson,euismod.in@aol.ca,(789) 312-8890,Mollis Dui In Institute,2024-11-03 09:27:52
43,Hiram Weiss,auctor.ullamcorper@google.ca,1-753-416-9573,Ligula Aenean PC,2024-08-12 02:25:06
44,Callie Espinoza,mauris@icloud.ca,1-279-441-4931,Orci Ltd,2025-12-02 08:21:48
45,Jerome Lamb,quisque.nonummy@google.org,1-597-257-1136,Amet Orci Ut Incorporated,2025-11-28 14:53:53
46,Hiroko Mann,sed@icloud.net,1-837-815-4651,Non Dui Nec Limited,2025-08-31 04:57:51
47,Beatrice Clayton,parturient.montes@icloud.couk,1-683-256-2943,Tellus Consulting,2024-02-27 07:53:47
48,Dennis Emerson,arcu@protonmail.edu,(279) 542-1313,Volutpat Inc.,2025-06-19 19:16:35
49,Ebony Barron,quis.lectus.nullam@yahoo.net,1-532-837-6113,Eget Industries,2025-10-15 22:12:41
50,Mufutau Clemons,in.condimentum@yahoo.couk,(339) 572-6822,Nec Euismod Ltd,2024-01-29 06:30:14
51,Hyacinth Ferrell,scelerisque.lorem@icloud.ca,1-875-277-8141,Aliquam Iaculis Lacus LLP,2023-12-21 08:49:55
52,Miranda Mcintyre,eu.ultrices@google.net,1-520-339-7383,Rutrum Justo PC,2024-08-17 07:20:54
53,Illana House,turpis@aol.com,1-226-565-6329,Amet Orci Company,2024-01-27 03:13:37
54,Cheryl Hodge,mi.tempor@protonmail.org,1-636-187-8827,Nec Urna Consulting,2025-07-25 16:13:05
55,Jacob Osborne,ante.bibendum.ullamcorper@protonmail.ca,(725) 836-9342,Magna PC,2024-12-26 18:52:37
56,Ivan Blankenship,fusce.fermentum@outlook.edu,1-325-885-7463,Mollis Non Cursus PC,2024-09-03 16:31:16
57,August Sparks,dictum.sapien@outlook.edu,(513) 254-3927,Nunc In PC,2025-08-23 04:59:54
58,Michelle Malone,eget.metus@icloud.edu,1-248-625-8712,Nam Interdum Corp.,2024-11-12 03:17:36
59,Myra Sweet,eget.magna.suspendisse@icloud.edu,(322) 235-0882,Cursus A Ltd,2025-11-20 01:09:36
60,Patience Oliver,ornare.elit@google.edu,(600) 612-8135,Malesuada Integer Id PC,2024-08-02 12:03:55
61,Carol Pace,urna@protonmail.ca,1-638-915-5477,Penatibus Et Incorporated,2025-04-18 02:28:08
62,Virginia Sweeney,erat.neque@outlook.com,(455) 383-6510,Ornare Libero Company,2025-08-18 17:13:12
63,Grady Townsend,elit@yahoo.com,(875) 764-4284,Ut Eros Non LLC,2024-06-16 14:27:51
64,Alma Chandler,sit.amet@aol.org,1-751-764-1102,Diam Lorem Industries,2025-01-16 01:35:50
65,Joan Pacheco,arcu.vestibulum.ante@protonmail.couk,1-724-710-2543,Vivamus Rhoncus Associates,2024-12-01 09:33:07
66,Lisandra Harrell,dui.lectus.rutrum@protonmail.org,1-448-545-2343,Senectus Et LLP,2024-08-25 22:56:59
67,Velma Greene,sollicitudin@icloud.ca,1-890-303-1337,Eros Proin PC,2024-03-02 15:02:03
68,Jeanette Copeland,aliquam.eu@icloud.couk,(748) 603-5298,Augue Id Inc.,2024-11-22 23:18:14
69,Oren Diaz,aptent.taciti@icloud.org,(578) 448-6356,Pede Sagittis Augue Limited,2025-07-13 01:26:36
70,Morgan Richards,nam.porttitor.scelerisque@hotmail.couk,(644) 835-4790,Arcu Vestibulum Ltd,2025-10-01 16:05:50
71,Guinevere Rice,risus.donec@hotmail.org,1-709-289-2035,At Corporation,2024-04-28 00:48:00
72,Germaine Dyer,non.magna@google.edu,(114) 773-7869,Amet Limited,2025-01-27 05:36:27
73,Geoffrey Dalton,malesuada@protonmail.couk,(374) 841-3859,Vestibulum Neque Sed Limited,2024-07-01 23:12:14
74,Wesley Mclean,donec.tempor.est@hotmail.org,1-541-953-4638,Penatibus Et Magnis Associates,2025-11-10 09:13:58
75,Carol Mcguire,malesuada.fames@hotmail.com,1-598-844-5625,Consequat Foundation,2025-10-12 04:08:13
76,Gareth Vargas,neque.tellus.imperdiet@hotmail.net,(121) 956-9146,Cras Interdum Nunc Inc.,2024-12-01 08:27:21
77,Lyle Martinez,mi.ac@outlook.ca,(711) 396-2583,Ultrices Iaculis Inc.,2025-05-06 23:34:29
78,Hamish Berger,congue@hotmail.ca,1-598-717-8724,Nunc Ullamcorper Velit Associates,2024-11-16 13:39:35
79,Violet Young,nisi.sem@google.org,(826) 573-0776,Eu Nulla Institute,2024-09-05 06:30:00
80,Ruth Wilkerson,turpis.egestas@hotmail.com,(893) 369-2285,Volutpat Nulla Corp.,2024-01-23 12:57:14
81,Colby Craig,sed.est@google.org,1-493-503-8418,In Hendrerit Consectetuer Associates,2024-04-21 10:46:04
82,Jenna Gamble,quam.elementum@outlook.ca,1-301-414-1556,Sed Orci LLP,2024-03-04 23:24:06
83,Nigel Snyder,ullamcorper.duis@hotmail.org,1-202-418-1125,Habitant Morbi LLC,2025-06-28 06:44:58
84,Kareem Navarro,posuere.enim@yahoo.org,(615) 983-5060,Nec Quam Corp.,2025-09-09 21:55:27
85,Deirdre Cotton,volutpat@aol.net,(725) 454-4753,Molestie Orci Foundation,2025-05-28 06:52:14
86,Lawrence Callahan,sit.amet@yahoo.edu,1-387-476-3853,Ac Arcu Foundation,2024-07-13 02:55:39
87,Abdul Benjamin,auctor.odio@hotmail.couk,1-843-425-0129,Duis Gravida Ltd,2025-05-19 20:21:39
88,Chase Reese,justo.faucibus.lectus@icloud.ca,1-979-658-2304,In Faucibus Morbi Corp.,2025-02-07 23:08:48
89,Leigh Buckley,cras.pellentesque.sed@icloud.net,1-679-821-1248,Eu Turpis Nulla Institute,2025-05-25 07:32:05
90,Hyatt Dominguez,pretium@outlook.org,(846) 274-7132,Ut Pharetra Sed Ltd,2025-08-03 22:37:47
91,Anne Taylor,varius.orci@protonmail.net,(293) 618-1154,Elit Sed Consequat Limited,2024-12-13 01:12:42
92,Tamara Mayer,malesuada.ut@google.net,1-353-737-8257,Phasellus Industries,2025-09-01 21:06:36
93,Nyssa Cochran,eu.tellus@hotmail.org,(661) 614-1757,Erat Associates,2025-11-29 00:34:47
94,Garrett Wheeler,in@hotmail.net,(256) 743-8563,Erat Industries,2025-10-28 19:51:52
95,Hyatt Davenport,nunc.quisque@aol.org,(833) 246-4113,Elementum Sem LLP,2024-02-15 17:52:14
96,Murphy Cote,eget.nisi.dictum@outlook.com,(782) 356-5926,Nec Urna Ltd,2024-07-18 14:15:31
97,Maisie Whitfield,cras.eu@protonmail.net,1-566-259-6478,Duis Sit PC,2025-08-30 13:01:59
98,William Maxwell,fusce@protonmail.net,1-243-672-7371,Nullam Suscipit Industries,2024-02-24 07:56:47
99,Honorato Whitaker,eu.nulla@outlook.edu,1-844-556-1653,Non Enim Corp.,2024-12-05 12:30:04
100,Abbot Bean,vel.venenatis@yahoo.net,(616) 214-0055,Pellentesque Tellus Ltd,2024-08-02 13:29:18
101,Joy Cochran,non.arcu.vivamus@google.edu,1-362-449-2122,Et Malesuada Ltd,2025-05-06 23:51:51
102,Abigail Roberts,quis@aol.net,(748) 104-0385,Nunc Corporation,2025-05-18 14:43:10
103,Willa Moran,at@icloud.net,1-851-529-2525,Egestas Rhoncus Proin Inc.,2024-06-18 07:07:54
104,Alden Bonner,vitae.dolor.donec@outlook.org,(210) 676-5542,Et Malesuada LLC,2024-10-18 19:19:17
105,Baxter Newman,dui.suspendisse@hotmail.org,(577) 586-2518,Felis Donec Tempor Inc.,2024-09-18 08:43:00
106,Lacey Soto,augue.eu@outlook.net,1-169-498-3123,Eget Venenatis A Incorporated,2024-07-08 20:23:47
107,Dai Kidd,ornare.elit.elit@google.net,1-373-538-9884,Bibendum Donec Limited,2025-09-29 04:25:49
108,Calista Ewing,sit.amet@protonmail.com,(721) 136-6034,At Corp.,2025-11-06 07:28:51
109,Deanna Koch,lectus@protonmail.net,(344) 642-8972,Curabitur Industries,2024-07-24 04:14:23
110,Christian Hodge,consectetuer.adipiscing@google.org,1-255-410-5381,Nec Enim Nunc Institute,2024-05-18 17:55:05
111,Skyler Mueller,feugiat.metus.sit@protonmail.edu,1-852-416-8216,Auctor Vitae Aliquet Incorporated,2024-05-10 13:25:02
112,Idola Haley,fringilla.donec@google.ca,1-156-287-4473,Ullamcorper Duis Cursus Institute,2025-05-05 11:11:45
113,Denise Cameron,turpis.vitae.purus@google.org,(338) 857-2681,Nonummy Ut Limited,2025-08-12 06:45:41
114,Griffin Robertson,id.magna.et@google.org,(364) 789-5567,Urna Nunc Incorporated,2025-03-21 04:12:58
115,Michelle Everett,commodo.tincidunt@outlook.edu,(787) 851-1231,Purus Accumsan Industries,2025-02-23 19:17:41
116,Dora Gordon,lectus@protonmail.org,1-449-647-2245,Fringilla Euismod Foundation,2024-10-11 03:20:22
117,Colleen Russell,tristique.senectus.et@hotmail.edu,1-836-578-6837,Vehicula Pellentesque Institute,2024-02-13 21:30:26
118,Laurel Stuart,ultricies.ligula@aol.edu,(453) 578-4102,Velit LLC,2025-09-26 05:11:10
119,Theodore Bowman,nisi.nibh@protonmail.net,1-582-185-7046,Fringilla Mi Lacinia Corp.,2025-05-02 11:39:22
120,Colton Callahan,velit@hotmail.org,1-288-353-7826,Ante Lectus LLP,2025-10-03 03:35:58
121,Burke Drake,ut.sagittis@icloud.edu,1-183-287-4462,Magna Corporation,2024-08-05 17:48:27
122,Lenore Neal,ultricies.ligula.nullam@google.net,(326) 592-1012,Sem Vitae Foundation,2025-10-13 03:15:12
123,Riley Byrd,adipiscing.mauris@aol.edu,1-823-371-2658,Aliquam Adipiscing Lacus Corporation,2025-12-01 18:39:55
124,Amela Dominguez,euismod.ac@yahoo.com,1-578-330-4799,Suspendisse PC,2024-02-14 17:13:08
125,Ryder Schneider,sed.neque.sed@google.org,(844) 446-5746,In Mi Pede Associates,2024-01-18 20:23:23
126,September Macdonald,cum.sociis.natoque@yahoo.com,1-333-256-1416,Lobortis LLP,2024-09-04 18:44:36
127,Richard Terry,pede.sagittis.augue@hotmail.net,(439) 773-5210,Enim Diam Corp.,2024-06-09 00:13:02
128,Harriet Lancaster,proin.eget@yahoo.edu,(104) 472-4517,In Felis Limited,2024-10-24 16:21:53
129,Shad Fuentes,malesuada@icloud.net,1-616-464-3494,Aliquet Ltd,2025-04-21 10:20:05
130,Cruz Key,id.risus@protonmail.ca,(982) 316-9171,Semper Dui Incorporated,2024-11-20 08:16:16
131,Lester Whitfield,per.inceptos@protonmail.net,(146) 246-7284,Eget Laoreet Ltd,2024-05-29 11:37:35
132,August Sanders,vestibulum@aol.couk,1-235-371-7594,Ac PC,2024-07-05 00:51:41
133,Giacomo Tillman,eros.proin.ultrices@icloud.edu,(867) 144-6417,Ante Vivamus Ltd,2025-10-19 16:49:51
134,Neville Mcneil,ut.mi@outlook.net,(615) 873-2068,Gravida Praesent Eu Associates,2024-09-12 14:24:46
135,Ryan Greer,est.mollis@outlook.couk,1-484-446-1699,Phasellus At Augue Foundation,2024-05-08 02:06:59
136,Kerry Woods,at.pretium@hotmail.net,(418) 710-0551,Nonummy Company,2025-12-04 04:21:13
137,Knox Mcdonald,ultrices@protonmail.ca,(323) 785-3118,Augue Ut Ltd,2025-11-26 22:36:02
138,Wallace Bowers,vestibulum.mauris@outlook.org,1-836-462-8661,Bibendum Fermentum Associates,2024-07-19 08:57:55
139,Signe Conrad,dis@protonmail.com,(524) 674-7843,Eget Mollis Foundation,2023-12-20 19:56:24
140,Cassidy Morris,vestibulum.ante@hotmail.org,(482) 340-0814,Sem LLP,2023-12-21 21:08:26
141,Harrison Pennington,tortor.at@yahoo.ca,1-218-495-5249,Duis Corporation,2025-03-09 17:02:35
142,Ethan Ayala,molestie.arcu.sed@hotmail.net,(446) 762-3592,Mauris Ut Mi Corporation,2024-07-08 07:16:57
143,Kennan Wilkerson,cras.dolor.dolor@hotmail.edu,1-183-447-4172,Amet Massa Corporation,2025-08-10 20:55:04
144,Fulton Wall,tempus.risus.donec@outlook.net,(397) 627-5335,Quisque Varius Industries,2024-06-04 19:23:20
145,Grant Miller,ipsum.sodales.purus@google.edu,1-416-546-3641,Luctus Curabitur Egestas LLP,2024-10-03 07:33:47
146,Amena Pickett,semper.rutrum.fusce@protonmail.ca,(211) 577-9860,Suspendisse Tristique Incorporated,2024-04-22 20:52:51
147,Steven Blair,velit.sed.malesuada@protonmail.couk,1-144-794-5412,Arcu Industries,2025-04-02 08:24:10
148,Cheyenne Reeves,purus.nullam@outlook.edu,(330) 424-3555,Semper Egestas Corp.,2025-07-11 06:13:47
149,Cameron Fulton,eu@icloud.org,1-875-553-3856,Ipsum Curabitur Industries,2024-04-21 19:47:30
150,Jamalia Moore,nec@protonmail.net,(378) 296-9460,Augue Id Ante Limited,2025-02-19 00:38:19
151,Amery Page,aliquam.vulputate@aol.net,1-127-234-7078,Imperdiet Ltd,2025-07-19 14:00:43
152,Charde Hendrix,mi.felis@yahoo.couk,1-625-417-3768,Lectus Nullam Corp.,2024-04-25 23:38:17
153,Kenneth Brock,non@protonmail.net,(343) 563-5314,Aliquet Proin Foundation,2024-01-06 01:28:47
154,Nyssa Stevenson,in.aliquet@hotmail.couk,(377) 446-9655,Eu Ligula Aenean Limited,2025-10-26 00:22:29
155,Aretha Bell,morbi.vehicula@hotmail.com,(156) 665-3013,Nascetur Ridiculus Mus Incorporated,2024-05-25 12:15:29
156,Alec Galloway,ullamcorper.viverra.maecenas@icloud.net,1-101-811-7106,Dui Cum Consulting,2024-06-09 04:43:16
157,Aristotle Hudson,pellentesque@yahoo.com,1-535-425-3504,Nisl Arcu Iaculis LLP,2025-03-05 23:02:59
158,Lara Hull,blandit.nam.nulla@protonmail.edu,1-366-115-4555,Quis Urna Nunc LLC,2025-08-30 15:05:28
159,Belle Gates,est.mauris@aol.couk,(788) 721-8412,Sagittis Nullam Vitae Limited,2025-02-20 00:38:03
160,Amanda Griffith,a@aol.net,(274) 904-3464,Quisque Porttitor Institute,2024-04-26 01:40:45
161,Palmer Emerson,quis.pede@hotmail.edu,(643) 417-7147,Enim Non Foundation,2025-04-05 01:10:12
162,Ariana Kramer,rutrum.lorem.ac@protonmail.com,(635) 114-1523,Proin Nisl Sem Industries,2024-06-18 07:21:23
163,Richard Cantu,id.sapien@outlook.com,1-740-510-5408,Ultricies Ligula Corp.,2024-09-01 04:47:08
164,May Bauer,fringilla.euismod@google.edu,(815) 260-9063,Cursus Nunc Foundation,2025-08-24 00:19:36
165,Ima Travis,dignissim.maecenas@aol.edu,(938) 763-4537,Eu Tempor Limited,2024-01-28 20:21:03
166,Lynn Dotson,nullam.feugiat.placerat@icloud.com,1-494-542-8316,Vitae Institute,2024-11-13 01:27:57
167,Lyle Dickerson,volutpat.nunc@google.couk,(273) 305-1546,Purus Ac Tellus Institute,2025-08-26 01:58:35
168,Shoshana Martinez,pellentesque.massa@aol.net,1-818-684-4165,Ligula Ltd,2025-02-27 18:24:15
169,Dawn Thornton,morbi@aol.com,1-435-517-0577,Libero Inc.,2025-04-28 18:47:45
170,Sonya English,lorem.tristique@hotmail.couk,1-272-627-7795,Volutpat Ornare Corp.,2025-10-04 21:33:12
171,Marsden Fuller,vivamus.nisi@icloud.com,(783) 572-6239,Eget Dictum Company,2024-06-30 20:55:40
172,Charity Vazquez,tellus@yahoo.org,1-956-927-1526,Sapien Nunc Associates,2025-04-10 04:19:43
173,Teagan Everett,metus.aliquam.erat@yahoo.net,(484) 788-3528,Lectus Associates,2025-08-22 11:22:13
174,Hall Puckett,adipiscing.lobortis.risus@hotmail.edu,(625) 945-3485,Risus Odio Corp.,2024-09-21 01:58:58
175,Quinlan Poole,a.aliquet.vel@google.couk,1-686-240-0167,Magnis Limited,2024-01-01 14:55:50
176,Chaim Mcmillan,pellentesque.tincidunt@google.net,(246) 582-2009,Et Commodo At Associates,2025-07-07 14:10:56
177,Jaime Buck,luctus.et@protonmail.couk,1-843-547-6438,Tortor Associates,2024-06-10 19:03:39
178,Hermione Mayo,ornare.fusce@google.org,(863) 580-4083,Ultrices Inc.,2025-09-05 03:39:30
179,Lilah Bridges,iaculis.quis@hotmail.ca,(260) 891-1663,Mi Fringilla Industries,2024-07-26 00:40:13
180,Lyle Hodge,vulputate@aol.couk,(241) 457-0402,Tincidunt Company,2024-10-23 17:24:41
181,Cynthia Guthrie,pede@icloud.couk,1-564-466-8842,Donec Luctus Ltd,2025-12-10 12:18:26
182,Knox Sanders,sollicitudin.commodo.ipsum@google.org,1-556-387-0236,Cras Inc.,2025-11-07 08:12:35
183,Kaseem Powell,nullam.velit@aol.org,1-617-478-7834,Cursus Et PC,2024-02-28 12:17:58
184,Jared Webster,non@google.com,1-310-171-3358,Leo Morbi Limited,2024-10-13 01:47:24
185,Bo Nelson,non@google.ca,1-735-807-6318,Ullamcorper Nisl Arcu Limited,2025-06-08 22:36:11
186,Willa Allison,aliquam.iaculis.lacus@hotmail.org,1-281-877-2061,Convallis Est Company,2024-08-29 07:10:21
187,Marshall Townsend,nec.malesuada@google.couk,(415) 488-7251,Sit Amet Ltd,2024-11-08 02:24:51
188,Mohammad Wallace,inceptos.hymenaeos@hotmail.org,(573) 532-1816,Ipsum Consulting,2025-10-04 08:49:53
189,Aiko Peck,eu.accumsan.sed@hotmail.couk,1-361-586-2561,Sollicitudin A Corporation,2024-01-31 10:09:07
190,Hoyt Conway,amet.consectetuer@google.org,1-566-714-3875,In Ornare Sagittis Incorporated,2024-09-14 11:40:21
191,Ashton Mcconnell,fermentum.fermentum@icloud.couk,1-111-560-4329,A Nunc Consulting,2024-11-16 23:41:42
192,Morgan Mooney,nulla.aliquet@yahoo.couk,1-868-895-6543,Et Tristique Company,2024-09-27 04:28:49
193,Armand Hull,hymenaeos.mauris@outlook.org,(847) 275-7974,Nunc Ullamcorper Corporation,2024-10-23 09:49:31
194,Austin Gray,euismod.ac@google.edu,1-257-396-8820,Donec Luctus LLP,2025-05-09 21:58:00
195,Brady Hart,ipsum.dolor.sit@protonmail.org,1-511-864-8482,Fermentum Convallis Inc.,2025-06-22 06:39:36
196,Malik Solomon,magna.a.neque@icloud.org,(676) 366-2882,Ullamcorper Viverra Associates,2024-11-20 13:16:16
197,Edan Ware,dui.nec@icloud.com,(624) 156-7643,Et Malesuada Fames LLP,2024-03-28 08:32:01
198,Farrah Solomon,eu@yahoo.com,(570) 117-7105,Gravida Consulting,2024-02-10 21:38:35
199,Lois Miranda,lacinia.mattis.integer@protonmail.org,1-861-327-2131,Tellus Sem Foundation,2024-10-15 01:00:57
200,Vielka Cervantes,nec.ante@outlook.ca,(747) 813-4252,Ac Risus Associates,2024-01-03 11:27:14
201,Isabelle Mccall,a.ultricies@outlook.ca,(551) 295-1862,Parturient Montes Nascetur LLC,2024-04-22 21:13:54
202,Nelle Jacobs,est@hotmail.org,(951) 141-4479,Suspendisse Limited,2024-01-21 17:48:22
203,Emmanuel Craft,ut@aol.ca,(616) 592-9888,Lacinia Vitae Sodales Corp.,2024-01-08 14:36:06
204,Stella Salinas,dolor.nulla@hotmail.net,(737) 520-9683,Eget Metus Eu Incorporated,2025-11-23 23:17:14
205,Josiah Rocha,vitae.odio@protonmail.com,(888) 254-9253,Ut Molestie PC,2025-03-18 17:58:02
206,Calvin Hebert,id.nunc@hotmail.couk,1-904-443-7337,Sagittis Duis Gravida Industries,2025-04-21 06:49:56
207,Walter Ashley,erat.semper@icloud.org,(654) 720-1575,Mauris Quis Turpis Inc.,2025-01-31 18:40:07
208,Laura Burton,bibendum.sed.est@outlook.ca,1-427-736-3832,Purus Gravida Sagittis Limited,2025-01-02 03:27:08
209,Vielka Henry,eros.turpis@protonmail.ca,1-623-266-4123,Sem Ut Limited,2025-01-26 15:25:11
210,Carla Greer,orci@hotmail.com,1-334-955-8626,Et Ipsum Institute,2024-06-27 05:25:10
211,Wesley Cooper,donec.elementum.lorem@outlook.net,(677) 557-5624,Etiam Ligula Ltd,2024-07-07 07:01:56
212,Macey Barron,turpis.egestas.aliquam@yahoo.couk,1-815-323-4265,Arcu Foundation,2025-05-10 11:32:30
213,Stephen Booth,mollis.nec.cursus@google.ca,1-884-601-6741,Eu Metus In Limited,2025-07-07 23:39:49
214,Leilani Patel,sed.molestie.sed@aol.org,1-341-158-3161,Vestibulum Ante Incorporated,2024-10-26 01:55:24
215,Clark Albert,tempus@google.edu,(738) 360-7284,Semper Inc.,2023-12-21 05:54:20
216,Quynn Nunez,turpis.nec.mauris@protonmail.org,1-712-427-4257,Feugiat Nec Industries,2025-04-02 02:00:40
217,Robert Parker,facilisis.suspendisse@google.org,(241) 371-6149,Dictum Eu Placerat Corp.,2024-12-03 02:29:01
218,Sonia Larsen,turpis.vitae@protonmail.couk,(915) 442-2646,Est Foundation,2025-08-18 13:49:31
219,Aretha Bowman,eleifend.cras@google.edu,1-412-431-1708,Dapibus Quam PC,2025-11-03 01:23:31
220,Blythe Cobb,sed@google.org,1-519-261-2212,Iaculis Nec Industries,2024-06-14 22:22:12
221,Dai Clay,mauris.aliquam@aol.net,(664) 557-3647,Nec Tellus Limited,2024-02-08 21:45:10
222,Zachary Patel,est.nunc@google.org,(861) 848-7239,Luctus Corp.,2024-02-26 19:35:19
223,Bree Molina,consectetuer@icloud.ca,(428) 465-6622,Ullamcorper Velit Associates,2024-09-18 17:10:43
224,Hamilton Taylor,iaculis@hotmail.com,(683) 187-7301,Taciti Sociosqu LLP,2024-08-28 22:19:45
225,Eaton Golden,elit.pretium@outlook.edu,1-581-763-1863,Ultrices Iaculis Odio Industries,2024-11-15 02:41:56
226,Ila Bentley,phasellus@aol.edu,1-313-554-3564,Quam Quis LLP,2025-07-15 19:59:02
227,Daria Golden,ipsum.phasellus.vitae@google.com,(657) 452-6981,Arcu Corporation,2024-05-31 14:48:23
228,Martena Valencia,id.mollis.nec@yahoo.org,1-755-474-5671,Egestas Rhoncus LLP,2025-03-14 08:16:26
229,Howard Puckett,dui.cum@icloud.com,(765) 464-4166,Ac Feugiat Non Limited,2024-02-10 09:11:44
230,Dahlia Dennis,eget.volutpat@protonmail.com,1-644-613-3324,Pede Ac Urna Associates,2024-02-15 11:33:28
231,Jamalia Battle,elementum.at@google.couk,1-481-536-6118,Donec Egestas Inc.,2025-09-02 22:41:49
232,Dustin Terrell,tincidunt.adipiscing.mauris@icloud.com,1-761-847-9385,Vitae Odio Sagittis LLC,2025-09-23 13:38:23
233,Laurel Griffith,velit@google.edu,(923) 264-0634,Ornare Lectus Ante Incorporated,2024-11-27 18:31:11
234,Dorothy Mcknight,tristique.aliquet.phasellus@hotmail.com,1-767-615-7586,Dolor Tempus Institute,2025-06-25 10:34:13
235,Ross Williams,suspendisse.commodo@protonmail.couk,1-875-863-4477,Mauris Vestibulum Limited,2025-05-08 13:01:09
236,Dominic Barr,ligula.donec.luctus@google.org,(576) 212-6749,Neque Sed Eget Associates,2025-06-28 17:06:35
237,Madaline Peck,lorem@aol.ca,(779) 723-7827,Sagittis Felis Corporation,2024-12-02 19:42:28
238,Gretchen Stuart,egestas.ligula@protonmail.com,(724) 718-6646,Nisi Limited,2024-05-26 04:32:35
239,Morgan Gilliam,proin.vel.nisl@yahoo.com,(829) 314-2613,Lacus Nulla Foundation,2024-01-23 10:25:40
240,Wylie Chavez,nec.urna.suscipit@aol.couk,1-815-816-5969,Molestie Sed Id Corporation,2025-04-15 22:00:18
241,Graham Goodman,aliquet.odio@google.edu,1-729-755-1974,Purus In LLP,2024-04-14 00:38:04
242,Phoebe Cardenas,fringilla.purus@yahoo.couk,(334) 842-9218,Nam Consequat Dolor Corp.,2024-02-28 21:26:47
243,Tatum Owen,morbi@hotmail.couk,1-256-307-9988,Sit Amet Limited,2025-06-18 18:55:11
244,Hanae Green,egestas@google.ca,(316) 490-0446,Sodales Inc.,2024-08-13 11:31:55
245,Lucas Wilson,magna.et@outlook.net,(882) 744-5753,Ultricies Sem Industries,2025-11-17 14:03:40
246,Allistair Jackson,ornare.lectus@outlook.com,(738) 864-3373,Proin Corp.,2025-11-11 14:36:03
247,Signe Livingston,eleifend.cras.sed@protonmail.ca,1-206-771-3003,At Fringilla Incorporated,2024-03-06 05:47:53
248,Jesse Patel,ut.lacus@aol.couk,(481) 677-3215,Sed Malesuada Industries,2024-11-07 03:34:49
249,Sonia Owens,est.ac@protonmail.com,(444) 911-6453,Dictum Limited,2025-05-06 00:53:34
250,Uriah Vazquez,elit@outlook.com,(443) 565-4090,Pretium Aliquet Metus Ltd,2025-03-02 21:06:49
251,Marcia Howell,sagittis.nullam.vitae@outlook.edu,1-616-400-7399,Erat Volutpat Nulla Associates,2025-01-03 14:18:27
252,Duncan Cunningham,nec@protonmail.couk,1-372-525-8084,Euismod Ac Incorporated,2025-01-01 22:02:29
253,Igor Brady,auctor@protonmail.edu,1-232-313-7742,Feugiat Non Associates,2025-11-14 01:19:36
254,Cairo Griffith,dolor.quisque.tincidunt@protonmail.edu,(266) 782-6595,Dignissim Maecenas Corp.,2024-05-03 08:24:43
255,Norman Pruitt,odio.a.purus@icloud.ca,1-867-386-5537,Amet Consectetuer Adipiscing Institute,2025-03-02 21:15:06
256,Paula Mejia,accumsan.interdum@outlook.org,(668) 263-5046,Purus Maecenas Institute,2025-01-31 04:52:08
257,Lawrence Aguirre,ornare.elit.elit@google.net,(926) 918-1146,Euismod Industries,2025-08-30 18:08:25
258,Sade Hatfield,at.velit@yahoo.net,1-564-583-1986,Parturient Montes Nascetur Corporation,2024-08-23 04:48:04
259,Serena Nixon,id.blandit@google.net,(852) 513-0873,Ut PC,2023-12-15 02:25:24
260,Rhonda Ryan,imperdiet.dictum.magna@google.couk,(264) 966-4318,Duis Cursus Diam Industries,2025-08-13 14:47:53
261,Magee Reid,diam.vel@hotmail.net,1-768-234-9014,Eu Corp.,2025-05-29 05:54:25
262,Molly Curtis,phasellus.at@yahoo.com,(687) 964-6172,Tincidunt Nunc Institute,2024-10-09 08:50:07
263,April Cooley,nunc.in@aol.org,(781) 641-2689,Quis Massa Ltd,2024-09-29 06:04:13
264,Mark Hammond,auctor.mauris@yahoo.couk,(813) 839-1856,Vel Faucibus Consulting,2024-10-17 14:06:06
265,Hu Petersen,egestas@protonmail.net,(748) 786-8572,Cursus Vestibulum Corporation,2024-11-24 17:18:45
266,Harper Watkins,natoque.penatibus@yahoo.com,1-321-658-6785,Non Lacinia Corporation,2024-08-16 05:09:57
267,Amy Parks,non.arcu@yahoo.ca,1-726-818-3546,Amet Ante Corp.,2024-04-06 21:04:30
268,Dai Tran,sit@protonmail.edu,1-467-482-5311,Vitae Sodales Inc.,2024-12-13 10:23:28
269,Sophia Acosta,mauris@icloud.edu,1-962-382-6553,Ac Mi Foundation,2024-10-03 20:07:28
270,Lionel Wise,est@hotmail.ca,1-432-726-0665,Tempus Risus Industries,2024-06-14 20:53:47
271,Ori Larson,in.hendrerit@outlook.edu,1-570-572-6068,Et Lacinia Institute,2024-04-23 18:33:19
272,Jakeem Davis,amet.luctus.vulputate@protonmail.ca,(750) 983-4502,Justo Eu Limited,2024-02-21 22:45:16
273,Calvin Ross,dui.suspendisse@yahoo.net,(898) 874-6020,Maecenas Iaculis Aliquet Associates,2024-04-06 07:54:13
274,Keiko Petty,eget.tincidunt@hotmail.edu,1-604-845-8847,Metus Consulting,2024-05-19 18:50:10
275,Amethyst Lott,malesuada@outlook.net,1-911-761-3281,Duis At Lacus Industries,2025-07-13 16:41:01
276,Doris Watts,mus.aenean@icloud.org,1-168-827-6958,Magna Sed Limited,2024-05-07 15:44:50
277,Phyllis Vance,nisi@yahoo.com,(789) 420-6286,Aliquet Institute,2025-12-09 23:09:09
278,Justin Hendrix,eleifend.vitae.erat@outlook.ca,(342) 284-7757,Magna Duis Corporation,2025-09-27 19:15:26
279,Dante Soto,ligula.aenean@google.com,(765) 237-5151,Aliquam Tincidunt PC,2025-05-30 16:07:15
280,Uta Foster,vestibulum.ante@aol.com,(914) 964-6853,Et Foundation,2025-07-18 18:55:48
281,Chaim Oneal,molestie.dapibus@icloud.net,1-264-155-4511,Odio A LLC,2025-06-03 19:08:35
282,Ezra Moss,tellus.eu.augue@hotmail.org,1-753-727-7444,Eu PC,2024-04-07 16:28:40
283,Rigel Massey,justo.praesent@outlook.edu,1-657-654-7068,Montes Institute,2025-10-26 15:59:34
284,Charde Spencer,aliquet.vel.vulputate@icloud.com,1-685-158-1225,Orci Quis Foundation,2025-04-04 02:20:19
285,Aphrodite Tyson,arcu@hotmail.edu,(337) 951-3479,Ornare Fusce Associates,2025-01-04 12:03:00
286,Sawyer Cummings,molestie.orci@protonmail.com,1-888-555-6408,Mauris Suspendisse Associates,2024-11-30 12:28:58
287,Priscilla Roberson,ac@yahoo.org,(696) 981-3765,Nec Malesuada Ut Limited,2024-01-20 13:43:28
288,Quyn Gross,erat.vitae.risus@google.com,(721) 885-3750,Luctus Sit Incorporated,2024-10-30 03:41:03
289,Shelley Shepard,in.ornare@aol.couk,1-151-448-3118,Auctor Quis Industries,2025-07-30 14:29:15
290,Kieran Ware,suspendisse.tristique@outlook.net,(778) 718-6526,Sem Molestie LLC,2025-05-09 13:15:16
291,Emily Bradford,diam.proin@hotmail.com,(947) 185-2773,Odio LLC,2025-02-04 23:43:27
292,Ruth Knapp,justo@yahoo.edu,1-857-899-1486,Ultrices Posuere Company,2024-10-04 00:47:59
293,Marah Little,interdum.nunc.sollicitudin@protonmail.org,1-528-350-4693,Phasellus Dapibus Quam Inc.,2024-05-18 22:10:36
294,Paloma Ayers,quis.massa.mauris@google.org,1-556-222-7134,Sed Sem Egestas Foundation,2024-06-07 19:24:44
295,Zephr Perkins,integer@aol.net,1-402-615-7513,Neque Corporation,2024-05-01 01:41:47
296,Mason Blanchard,pretium.aliquet.metus@aol.ca,(616) 793-2621,Condimentum Donec Incorporated,2023-12-12 10:30:55
297,Miriam Hinton,sed.nulla.ante@aol.ca,1-565-191-5824,Curae Phasellus Ornare Corporation,2025-09-14 20:08:41
298,Carson Diaz,nunc@protonmail.couk,1-688-774-8869,Sit Amet Massa Foundation,2024-07-29 13:44:56
299,Ciara Potts,vitae.aliquam@protonmail.couk,1-911-174-4655,Consequat Nec Inc.,2024-07-25 09:38:01
300,Maia Hodges,arcu.et.pede@outlook.ca,1-381-658-7941,Metus Sit Limited,2025-02-23 06:33:56
301,Davis Kidd,magna.lorem.ipsum@aol.org,1-222-403-2314,Vulputate Incorporated,2024-11-13 04:10:04
302,Len Dawson,convallis.in@icloud.net,1-855-864-5324,Euismod Enim Associates,2025-03-27 06:12:13
303,Jayme Rich,sit@yahoo.com,(163) 282-8284,Faucibus Morbi Consulting,2025-01-28 16:15:28
304,Marah Goodman,tempor.diam@outlook.com,1-737-354-1774,Ac Institute,2025-02-09 20:23:56
305,Alexis Rose,consectetuer.adipiscing.elit@yahoo.org,1-285-644-1818,A Neque Foundation,2024-02-25 21:44:52
306,Ifeoma Fitzpatrick,molestie.sodales.mauris@aol.couk,(734) 358-5139,Donec Corp.,2023-12-21 01:25:39
307,Callum Guerra,dignissim@google.couk,1-563-212-3733,Fusce Feugiat Associates,2024-04-24 08:09:59
308,Xanthus Figueroa,eleifend@hotmail.net,1-215-752-2747,Massa Lobortis Ultrices LLC,2025-05-12 12:45:16
309,Bell Hunter,justo.eu.arcu@aol.edu,(242) 417-9485,Mauris Non Institute,2024-09-05 21:45:03
310,Alexa Morales,sed.nulla.ante@yahoo.couk,1-447-428-1973,Nulla Integer LLC,2024-06-26 06:42:27
311,Anastasia Mccray,amet.ornare@outlook.org,(812) 782-9568,Cum Sociis Natoque Associates,2025-11-29 15:41:49
312,Alden Ramsey,arcu.aliquam@icloud.com,1-485-928-8825,Nullam Ut Limited,2024-05-29 22:02:04
313,Maite Mullins,neque.in.ornare@protonmail.org,1-472-679-3719,At Libero Company,2024-12-28 02:47:00
314,Avram Chambers,auctor@outlook.net,1-720-356-8317,Egestas A Corp.,2025-09-18 02:08:50
315,Cain Oneal,ac@google.edu,(438) 261-1856,Suscipit Institute,2024-07-17 03:09:42
316,Nyssa Beach,malesuada.fringilla@icloud.ca,1-300-763-7971,Egestas Limited,2025-01-19 20:27:01
317,Bethany Hensley,mauris.non@outlook.net,(183) 350-6867,A Sollicitudin Orci Incorporated,2025-10-02 04:52:08
318,Akeem Lowe,ridiculus.mus@aol.couk,1-938-983-5705,Cras Eget Nisi Associates,2025-03-02 16:38:59
319,Akeem Michael,egestas.sed.pharetra@icloud.org,1-282-813-2526,Donec Est Associates,2025-09-04 10:37:00
320,Travis Michael,risus.at.fringilla@outlook.ca,1-863-761-3776,Nulla Integer Vulputate Corporation,2023-12-31 05:59:16
321,Cole Nash,eu.ligula.aenean@outlook.couk,(732) 516-7355,Pharetra PC,2025-03-27 12:50:31
322,Kelly Contreras,leo.elementum@icloud.ca,1-845-941-3586,A Ultricies Adipiscing Corporation,2024-09-21 16:40:51
323,Chaney Beard,tempus@outlook.edu,1-270-726-9933,Consequat Enim Foundation,2024-01-05 17:06:50
324,Igor Hall,dictum.sapien.aenean@google.couk,(260) 386-5427,Est Vitae Sodales Inc.,2025-11-03 17:37:18
325,Thomas Battle,nibh.vulputate.mauris@hotmail.couk,1-760-268-0188,Risus Nunc Ac Ltd,2024-07-23 11:14:14
326,Stewart Rose,ridiculus.mus@aol.ca,1-763-553-6130,Vestibulum Ante Ipsum PC,2024-03-02 16:36:50
327,Yasir Phelps,parturient.montes.nascetur@icloud.net,(376) 677-4744,Eget Volutpat Limited,2024-12-16 14:46:08
328,Britanni Perez,scelerisque.scelerisque@protonmail.ca,1-542-513-9307,Nulla At Corp.,2025-08-25 03:05:06
329,Frances Vang,at@google.net,(893) 367-3841,Penatibus Et LLC,2024-03-22 13:54:08
330,Colton Adams,et.nunc@google.net,(906) 821-0462,Habitant Inc.,2024-07-23 07:45:49
331,Hayden Vang,phasellus.dolor.elit@aol.ca,1-737-897-8160,Dui Suspendisse Associates,2025-06-08 11:45:40
332,Basil Carter,dictum.sapien.aenean@aol.ca,(783) 376-8768,Ullamcorper Viverra PC,2025-09-02 06:47:26
333,Emma Lee,tincidunt.neque.vitae@aol.org,1-495-823-2228,Pede Nunc Corporation,2025-11-14 09:03:58
334,Oscar Beach,in.ornare@aol.couk,1-329-507-8875,Tristique Pharetra LLC,2025-01-11 00:06:23
335,Tashya English,luctus.lobortis.class@google.net,(316) 459-4117,Feugiat Lorem Company,2024-12-01 09:32:18
336,Eugenia Pennington,nonummy.fusce@yahoo.net,(728) 642-9414,Ligula Tortor LLP,2024-03-13 19:18:16
337,Candice Mcmillan,nunc.sit@protonmail.net,1-382-495-4187,Massa Non Foundation,2025-01-17 00:10:24
338,Shafira Baxter,velit@aol.ca,(802) 487-3570,Donec Est Nunc Ltd,2024-03-30 06:34:10
339,Iliana Kirby,eleifend.vitae@protonmail.org,(397) 432-5309,Pretium Industries,2025-07-13 06:48:03
340,Conan Franks,gravida.sagittis@protonmail.edu,(586) 504-4875,Imperdiet Ullamcorper Duis LLC,2025-05-11 19:29:29
341,Jolene Walls,tellus.non.magna@aol.ca,(547) 444-2417,Faucibus Morbi Vehicula LLP,2024-10-29 04:11:36
342,Jaquelyn Bruce,eu.odio.phasellus@protonmail.couk,(222) 803-1068,Nunc Sit PC,2024-03-27 20:03:17
343,Mannix Cooke,pellentesque@aol.org,1-555-241-1967,Id Corp.,2024-07-28 19:55:58
344,Kuame Whitaker,maecenas.malesuada@google.com,1-179-774-9678,Nulla Eget Metus Inc.,2025-02-20 11:37:43
345,Sophia Fitzgerald,vel.convallis@protonmail.couk,(787) 358-3083,Et Netus LLP,2025-06-05 11:48:27
346,Tanner Yang,lectus.cum.sociis@aol.net,(824) 237-1857,Nec Incorporated,2025-07-15 07:15:28
347,Wyatt Tanner,in.dolor@protonmail.net,1-836-461-5882,Lacus Vestibulum Consulting,2024-01-06 16:56:11
348,Kasimir Douglas,placerat@protonmail.net,(788) 427-3658,Sagittis Augue Limited,2024-02-29 09:10:39
349,Jacob Clayton,sed@hotmail.couk,1-661-918-8229,Tortor Dictum PC,2025-11-26 19:57:45
350,Jacob Rosa,in.magna@yahoo.couk,(826) 231-4538,Pellentesque Tellus Incorporated,2024-11-30 09:46:07
351,Dennis Donovan,risus.in@hotmail.org,(860) 268-3214,Nec Associates,2024-06-14 15:03:04
352,Nathan Dennis,integer.aliquam.adipiscing@hotmail.com,1-728-431-3913,Dolor LLC,2024-10-10 23:06:46
353,David Campbell,ornare.placerat@protonmail.couk,1-248-414-1336,Etiam Bibendum Corporation,2025-06-18 13:01:04
354,Christopher Knapp,luctus@yahoo.com,1-571-841-7205,Gravida Sagittis Incorporated,2025-10-12 19:04:17
355,Rachel O'connor,luctus.lobortis@protonmail.com,1-733-182-5378,Felis Foundation,2024-08-29 04:28:05
356,Jackson Johns,donec@google.ca,(938) 614-8361,Maecenas Company,2025-05-18 05:58:06
357,Hadassah Mullins,tempus.non@icloud.couk,(684) 487-1002,Proin Sed Company,2025-03-19 05:55:41
358,Aimee Castillo,ultrices.iaculis.odio@icloud.edu,(255) 220-3334,Lorem Ut Aliquam Associates,2024-11-17 20:01:27
359,Mechelle Short,sed.eget.lacus@google.org,1-837-402-5587,Ultricies Limited,2025-03-16 02:49:41
360,Dante Lowe,interdum.sed@icloud.ca,1-272-676-4863,Per Inceptos PC,2024-03-30 02:39:56
361,Chancellor Meyers,erat.sed.nunc@yahoo.com,1-139-783-5534,Velit Quisque Varius Industries,2025-06-10 06:28:22
362,Blythe O'donnell,eget.volutpat.ornare@aol.net,1-218-378-1741,Congue Incorporated,2024-11-26 09:28:21
363,Emmanuel Payne,nullam.feugiat@hotmail.ca,1-128-752-8707,Nunc Foundation,2024-05-09 11:55:13
364,Travis Benson,nec@google.edu,(858) 664-7111,Neque Sed Eget Consulting,2024-01-14 08:42:29
365,Jennifer Matthews,ultricies.adipiscing@icloud.edu,(258) 187-3651,Taciti Sociosqu Corp.,2025-07-21 04:38:28
366,Kaitlin Cash,sollicitudin.orci@google.com,1-976-834-2542,Ut PC,2025-06-20 06:48:23
367,Michael Hopper,euismod.in@aol.edu,1-275-463-8557,Dictum Phasellus Corporation,2023-12-20 05:41:09
368,Rebekah Irwin,faucibus.orci@outlook.couk,(371) 408-4248,Mauris Sit Amet Incorporated,2025-11-25 16:06:43
369,Damon Tucker,orci.luctus@outlook.ca,(539) 452-6332,Amet Diam Incorporated,2024-02-07 02:20:31
370,Karyn Park,non.lorem.vitae@google.net,1-940-508-2831,Dui Semper Et Foundation,2024-10-10 08:24:16
371,Blythe Pratt,nascetur.ridiculus@protonmail.com,(657) 243-6352,Semper Consulting,2024-08-05 22:38:35
372,Raphael Page,auctor.vitae@yahoo.couk,(457) 789-1686,Faucibus Morbi Ltd,2025-11-19 09:42:19
373,Rogan Clark,vestibulum.lorem@outlook.com,(754) 961-5840,Risus Donec Ltd,2025-07-18 00:14:05
374,Kasper Simmons,purus.nullam@outlook.couk,1-463-528-8395,Duis Mi LLP,2025-11-25 09:24:29
375,Darius Chang,et.tristique@protonmail.net,1-635-654-2511,Iaculis Lacus Ltd,2024-08-31 03:44:32
376,Heather Downs,nam.nulla@google.org,1-471-965-0925,Elit Pretium Et Institute,2025-07-09 05:11:04
377,Perry Heath,at.iaculis@protonmail.org,1-870-391-1258,Nunc Quisque Ornare Inc.,2025-03-07 11:12:17
378,Beatrice Parker,duis.risus@hotmail.couk,(712) 116-0630,Pulvinar Arcu Et LLP,2025-09-13 18:14:03
379,Victoria Parker,vel.faucibus@aol.edu,(664) 394-6244,Fusce Industries,2024-03-06 14:00:19
380,Karly Tyler,nunc@yahoo.edu,(513) 570-9771,Risus Varius Ltd,2024-09-07 23:04:35
381,Hiram Kaufman,nam.ac@icloud.com,(310) 831-7174,Dolor Sit Foundation,2025-07-25 10:14:57
382,Alfreda Stephens,mi.fringilla@aol.org,(684) 568-6416,Malesuada Id Limited,2023-12-16 12:37:27
383,Yoko Diaz,erat.nonummy@hotmail.com,(258) 434-5217,Quisque Tincidunt Corp.,2024-09-08 05:08:59
384,Dane Herrera,feugiat.metus@yahoo.edu,1-954-428-8726,Faucibus Leo Incorporated,2023-12-11 14:56:32
385,Sara Rodriquez,rutrum.eu@hotmail.ca,1-872-861-9614,Ac Corp.,2024-03-24 23:52:08
386,Berk Richards,sagittis.augue@hotmail.edu,(331) 122-7148,Non Magna Institute,2024-02-23 12:55:18
387,Jane Rowland,aliquam@protonmail.com,1-417-958-3827,Eget Ipsum Suspendisse Associates,2025-01-04 01:58:40
388,Keiko Walker,ultrices.a@aol.org,1-253-603-9576,Lobortis Foundation,2024-08-10 15:51:16
389,Sean Leon,urna.et@aol.ca,1-534-444-1548,Dapibus Gravida PC,2025-01-16 16:13:53
390,Haley Whitfield,elit.elit@outlook.com,(545) 223-5305,Lorem Ut Aliquam LLP,2025-09-13 21:35:46
391,Dolan Pace,semper@hotmail.org,1-365-668-8895,Eget Nisi Foundation,2024-11-02 13:02:02
392,Frances Gross,dui.nec@outlook.com,(915) 435-1944,Lorem Donec Company,2025-01-02 00:59:14
393,Jada Valentine,nulla.dignissim@outlook.net,1-365-323-8158,Sapien Nunc Corporation,2025-04-01 16:47:06
394,Zorita Kim,consectetuer.euismod.est@google.net,1-836-142-7431,Cubilia Curae Phasellus Consulting,2024-08-12 18:03:06
395,Sophia Dunn,pellentesque@icloud.edu,(365) 577-8712,Integer Aliquam Limited,2025-05-31 19:51:00
396,Tana Mcpherson,arcu.vel@outlook.edu,1-107-265-5453,Vitae Inc.,2025-11-28 15:51:42
397,Mona Serrano,turpis.non.enim@google.net,1-247-764-3365,Scelerisque Limited,2024-07-06 18:44:38
398,Hamish Sharpe,aptent@outlook.ca,1-378-695-5647,Integer Urna Institute,2025-05-16 07:01:36
399,Stewart Miles,dui@protonmail.couk,1-437-787-8624,Luctus Vulputate Nisi Institute,2024-08-31 08:40:05
400,Alice Lloyd,vel@hotmail.net,(188) 377-5384,Fames Ac Institute,2024-08-12 12:58:20
401,Hu Strong,malesuada.ut@aol.ca,(443) 643-8539,Egestas Lacinia LLC,2025-09-04 14:40:05
402,Dawn Malone,nam.ligula.elit@outlook.couk,(431) 726-6814,Lobortis Corp.,2025-06-22 13:47:09
403,Brenden Knapp,vel.pede@aol.edu,(683) 277-3588,Laoreet Lectus Inc.,2025-07-26 03:20:34
404,Fritz Walker,lobortis.nisi@outlook.net,1-251-762-2158,Nullam Vitae Consulting,2025-05-17 15:18:10
405,Ivy Bullock,elit.erat@hotmail.ca,(644) 885-1784,Ac Urna Ut LLP,2024-08-16 15:14:39
406,Lane Dejesus,metus.sit@outlook.ca,(954) 962-8570,A Corp.,2024-09-04 01:43:43
407,Erasmus Hewitt,non.ante.bibendum@yahoo.com,1-757-831-2987,Sit Amet Institute,2024-10-14 17:57:57
408,Suki Merrill,sem.semper.erat@icloud.couk,(888) 731-6424,Sed Nulla Incorporated,2025-09-18 18:57:09
409,Kennan George,molestie.in@yahoo.org,1-274-487-2562,Ipsum LLP,2025-10-26 21:50:47
410,Zelenia Lucas,vel@google.org,(305) 617-5270,Iaculis Lacus Pede Limited,2025-11-10 16:26:37
411,Camilla Best,diam.lorem@yahoo.couk,1-664-116-5957,Id Risus Quis Consulting,2025-06-07 09:37:51
412,Leah Nieves,sem.semper@google.couk,(597) 851-6163,Ultricies Dignissim Institute,2025-06-05 03:15:47
413,Abel Workman,nec@google.net,1-753-664-4622,Augue Ac Ipsum LLP,2024-12-07 22:42:24
414,Bethany Underwood,elit.etiam.laoreet@outlook.com,(441) 643-7185,Primis In Ltd,2025-02-13 11:32:50
415,Merrill Kirby,arcu@google.org,(588) 413-8826,Eu Lacus Quisque Limited,2025-06-30 10:29:29
416,Gloria Blanchard,quisque.libero.lacus@icloud.edu,1-755-326-7151,Sollicitudin Adipiscing Incorporated,2024-10-20 06:25:59
417,Erasmus Booth,tellus.aenean@aol.net,1-814-523-0246,At Pretium Aliquet Inc.,2025-09-30 09:47:56
418,Florence Greene,faucibus.id.libero@outlook.org,1-337-545-7404,Venenatis Foundation,2025-10-16 02:55:48
419,Zelenia Brewer,eu.tellus.phasellus@google.org,1-821-451-4401,Sed Eu Foundation,2025-06-09 05:35:09
420,Jayme Ball,morbi.sit@outlook.edu,1-992-331-1836,Non Sapien Corp.,2024-06-06 11:28:05
421,Suki Travis,vestibulum.ante@icloud.org,(347) 291-2902,Morbi Accumsan Consulting,2024-04-18 09:01:00
422,Emi Bridges,in.consectetuer@protonmail.com,1-611-471-6566,Porttitor Corp.,2024-11-10 20:50:21
423,Kiona Delacruz,suspendisse.non.leo@icloud.org,(945) 261-7710,Ut Lacus Ltd,2024-08-01 18:24:44
424,Erich Price,quis.urna.nunc@icloud.net,1-871-880-1367,Vivamus Euismod Urna LLC,2025-12-03 23:06:23
425,Laith Briggs,id.ante.dictum@aol.com,1-617-875-3012,Mattis Integer Corporation,2024-08-22 22:38:19
426,Lee Sexton,mauris.sagittis@protonmail.ca,(274) 675-6315,Erat Industries,2025-09-13 09:43:09
427,Ariana Hale,aliquet@icloud.couk,1-288-318-6476,Dui Quis Inc.,2024-02-03 03:40:56
428,Chiquita Jacobs,vehicula.et@hotmail.ca,1-167-708-3328,Porttitor Eros Nec LLC,2024-03-08 10:13:23
429,Debra Harper,aenean.sed@protonmail.couk,(791) 388-9894,Sit Associates,2025-06-07 08:29:13
430,Talon Baxter,ligula.aliquam@protonmail.org,1-652-852-7270,Facilisis Eget Corporation,2024-07-17 00:26:32
431,Wang Owen,lectus.sit.amet@aol.org,(687) 725-9605,Libero Morbi Corp.,2025-11-24 13:26:23
432,Jonah Peck,integer.vulputate.risus@hotmail.org,1-573-865-4879,Et Magnis Associates,2025-07-05 21:17:42
433,Kato Crane,fermentum.metus@google.edu,(186) 414-8422,Non Inc.,2025-08-31 16:42:42
434,Fletcher Wallace,vivamus.non@outlook.com,(620) 817-8752,Sit Corporation,2024-02-13 00:31:50
435,Harlan Powers,pretium@hotmail.ca,1-106-158-7238,Vel Mauris Corp.,2024-02-25 09:37:46
436,Clare Meyer,ridiculus.mus@aol.ca,1-373-105-4587,Aliquam Gravida Inc.,2024-10-08 23:01:53
437,Hasad Rose,metus.aliquam.erat@outlook.com,(244) 513-2614,Facilisis Consulting,2024-11-21 13:24:37
438,Flavia Fitzpatrick,egestas@yahoo.edu,1-184-258-2799,Viverra Foundation,2025-10-07 17:31:51
439,Oprah Franks,justo.proin.non@hotmail.org,(471) 212-4341,Posuere PC,2024-06-22 08:02:48
440,Echo Graham,eros.nam.consequat@yahoo.ca,1-546-229-1588,In Scelerisque Incorporated,2025-05-18 23:01:41
441,Rooney Adkins,vitae.semper.egestas@outlook.couk,1-727-857-4547,Sagittis Felis Donec Inc.,2025-01-09 09:03:42
442,Lesley Melton,urna.nunc@google.com,(451) 317-6888,Fringilla Donec LLC,2025-05-09 08:36:52
443,Althea Spence,purus.duis.elementum@aol.couk,1-551-129-2216,At Velit Inc.,2024-02-26 02:04:29
444,Irene Monroe,vel.quam@icloud.com,(293) 756-4729,Nibh Ltd,2025-01-08 21:13:10
445,Connor Dejesus,donec@outlook.net,1-223-823-4554,Elit Etiam Laoreet Foundation,2025-07-31 18:23:25
446,Caldwell Weber,suspendisse.sagittis@icloud.ca,(208) 282-5205,Gravida Molestie Associates,2024-01-28 20:40:35
447,Orla Velasquez,imperdiet.ullamcorper.duis@hotmail.ca,(928) 792-2543,Fermentum Risus At PC,2025-07-11 21:04:42
448,Uriah Stout,curabitur.ut@outlook.edu,(815) 473-9678,Hendrerit Neque In LLP,2024-05-20 03:50:14
449,Lucian Perry,lorem.luctus.ut@outlook.edu,(524) 482-4923,Gravida Ltd,2024-01-22 02:59:09
450,Kamal Owens,eu.accumsan.sed@aol.net,1-175-651-6529,Sem Inc.,2025-02-14 13:55:34
451,Ignatius Moore,dolor.egestas@protonmail.ca,1-108-339-9582,Parturient Consulting,2025-11-21 10:25:11
452,Murphy Frederick,pharetra@hotmail.com,1-774-807-1467,Ultrices Posuere LLC,2024-04-08 01:11:33
453,Wyoming Bailey,dui.cras.pellentesque@aol.net,1-808-410-3285,Mauris Magna Foundation,2024-05-04 09:10:31
454,Keely Austin,congue.elit@outlook.edu,1-875-257-8171,Commodo Limited,2024-07-28 18:45:14
455,Quon Atkins,lobortis.tellus.justo@outlook.com,(557) 616-1385,Dictum Placerat Augue Corporation,2024-12-19 19:20:38
456,Raja Goff,volutpat.ornare@yahoo.edu,1-873-782-2144,Metus Associates,2025-09-08 01:19:45
457,Dalton Zamora,euismod@yahoo.net,1-265-875-1604,Sollicitudin Orci Limited,2024-12-02 10:39:38
458,Charity Buckner,eu.euismod@aol.com,(274) 846-7712,Egestas Aliquam Nec Incorporated,2025-09-29 18:28:53
459,Bruno Campos,tristique.senectus@yahoo.com,1-456-366-5826,Amet Ornare Company,2024-10-28 08:52:07
460,Jerry Gutierrez,tellus.eu@google.org,1-315-149-4736,Non LLP,2024-10-20 08:12:22
461,Amos Mcdaniel,cras.dictum.ultricies@google.com,1-689-130-0282,Tincidunt Nibh Phasellus LLC,2024-09-04 16:52:33
462,Alisa Gilbert,dictum.proin.eget@yahoo.org,1-353-999-5276,Non Corporation,2024-07-23 06:47:41
463,Nola Hopkins,cursus@aol.edu,(377) 773-5753,Aenean Massa Inc.,2024-08-19 04:17:34
464,Allistair Goodman,lorem.ut@aol.com,(746) 227-8521,Ipsum Nunc Ltd,2025-09-07 07:42:01
465,Angelica Wall,erat@hotmail.ca,(132) 741-3496,Maecenas Mi Felis Corporation,2024-10-02 11:50:00
466,Hadassah Gates,egestas.urna@aol.ca,1-367-659-8527,Urna Nullam Incorporated,2024-03-07 08:27:00
467,Jaime Lloyd,eget@yahoo.edu,1-393-516-8546,Ullamcorper Foundation,2024-06-21 05:59:41
468,Wynter Glenn,a.felis.ullamcorper@aol.ca,1-653-773-8336,Neque Sed LLC,2025-07-17 07:46:55
469,Giselle O'donnell,nullam@google.org,(628) 618-4552,At Pede Foundation,2024-11-30 04:33:12
470,Curran Vasquez,aliquet.phasellus.fermentum@icloud.com,(372) 753-7664,Feugiat Nec Limited,2025-04-12 16:51:52
471,Logan Paul,dolor.vitae.dolor@icloud.com,1-945-980-6134,Arcu Nunc Mauris Inc.,2024-07-14 07:04:44
472,Ronan Barnett,dictum.eu.placerat@google.org,(754) 126-0723,Penatibus Inc.,2024-04-28 21:12:57
473,Nora Horne,lacus.etiam.bibendum@aol.org,(207) 557-9879,Et LLP,2024-04-08 08:52:28
474,Sasha Sandoval,elit.dictum.eu@aol.net,(313) 721-5452,Consequat Foundation,2025-04-21 03:59:30
475,Ina Gonzalez,non.nisi.aenean@protonmail.net,1-486-741-2289,Nulla Industries,2025-03-31 16:24:26
476,Michelle Small,nisi@hotmail.net,(572) 382-1541,In Magna Limited,2024-03-03 16:04:12
477,Molly Emerson,molestie.dapibus@yahoo.edu,(783) 819-8834,Vitae Institute,2025-05-04 19:55:23
478,Hayfa Butler,a.auctor@outlook.ca,1-437-556-7123,Facilisis Suspendisse Commodo Corporation,2025-06-04 05:05:10
479,Nyssa Macdonald,lobortis@hotmail.org,1-555-284-5045,Ac Foundation,2025-01-14 23:46:47
480,Dieter Hardy,orci@aol.ca,(718) 426-2487,Natoque Penatibus Institute,2024-12-20 08:34:48
481,Kimberley Garza,euismod.est@google.edu,(482) 707-6643,Felis Eget Varius Incorporated,2024-03-07 02:29:33
482,Lionel Castillo,velit@outlook.ca,(127) 596-8156,Suspendisse Aliquet Company,2024-03-06 04:12:04
483,Barry Lawrence,nisl@protonmail.org,1-781-852-8211,Fames Ltd,2025-05-14 08:06:19
484,Sheila Burgess,lorem.luctus.ut@aol.edu,1-962-882-1440,Arcu Incorporated,2025-06-12 05:18:21
485,Risa Pickett,odio.aliquam@aol.org,(937) 433-5829,Libero Proin Sed Incorporated,2024-04-13 14:03:35
486,Kato Wilder,non.massa@protonmail.net,1-718-938-6142,Aliquet Lobortis Associates,2024-03-20 04:03:39
487,Georgia Hinton,ut.eros.non@yahoo.com,1-915-514-7542,Aliquam Vulputate Ullamcorper Industries,2024-09-23 04:24:11
488,Anika Duffy,risus.duis@hotmail.couk,(153) 326-0224,Class Company,2024-09-20 02:31:32
489,Oprah Todd,non.nisi@yahoo.org,(326) 517-4756,Eget Corp.,2025-03-19 13:40:31
490,Rashad Davis,enim.nisl.elementum@google.org,1-804-451-2205,Dui Fusce Aliquam Limited,2024-01-21 04:17:19
491,Brody Lopez,facilisis.eget.ipsum@aol.edu,1-685-985-1976,Quam Industries,2024-11-03 02:06:31
492,Ashton Whitehead,eu@icloud.net,(273) 361-6255,Mauris Morbi Non Foundation,2023-12-18 17:14:45
493,Chastity Galloway,egestas@aol.ca,(337) 771-8371,Tempor Augue Foundation,2024-05-26 22:40:08
494,Reese Houston,faucibus.id@icloud.net,1-575-232-8013,Dis Parturient Industries,2025-04-03 19:37:32
495,Grady Ramirez,consectetuer.mauris.id@google.com,(458) 428-8287,Donec Feugiat Incorporated,2025-03-08 22:00:43
496,Price Noble,mauris.non@google.org,1-181-656-5436,Ipsum Nunc Id Limited,2025-04-17 00:08:29
497,Kirestin Puckett,luctus@google.ca,1-777-528-7531,Consectetuer Rhoncus LLP,2025-09-09 10:59:17
498,Odessa Yates,donec@yahoo.edu,(765) 925-4725,In Foundation,2025-03-11 05:59:25
499,Alexandra Sanders,arcu.vel@outlook.com,1-698-636-4955,Tristique Pharetra PC,2024-08-28 16:43:27
500,Odysseus Stone,libero.est@protonmail.edu,1-885-287-3340,Etiam PC,2024-06-20 08:21:20
