id,name,email,phone,company,created_at
1,Cheryl Briggs,cras.eget@hotmail.org,1-725-658-7727,Laoreet Corporation,2025-08-14 19:56:43
2,Hermione Day,ante.nunc@protonmail.org,1-987-298-5685,Felis Eget Varius Corporation,2024-12-14 01:05:21
3,Alexandra Langley,cras.vehicula.aliquet@aol.net,(247) 385-1528,Pede Sagittis Industries,2024-02-19 16:15:53
4,Fredericka Mckay,erat.eget.tincidunt@outlook.edu,1-744-674-1412,Cum Sociis LLC,2024-09-30 22:40:09
5,Gay Wheeler,fringilla.euismod@protonmail.couk,(371) 268-3663,Dui In Corporation,2023-12-25 20:13:37
6,Jessica Myers,euismod@protonmail.net,1-542-637-4846,Luctus Et LLC,2025-04-20 01:57:44
7,Carson Todd,at@yahoo.net,(543) 315-0803,Fermentum Incorporated,2025-02-19 08:24:12
8,Jermaine Richmond,lobortis.augue@outlook.net,1-664-872-4127,Velit Egestas Lacinia LLP,2025-10-31 16:44:34
9,Tyler Goodwin,ut.dolor@google.net,(768) 599-8243,Tincidunt Nunc Associates,2024-09-08 16:07:44
10,Emma Ferrell,in.lobortis@outlook.com,(105) 731-3261,Ultricies Dignissim Lacus Foundation,2025-01-10 23:46:30
11,Gabriel Finch,curabitur.sed.tortor@protonmail.ca,(511) 713-7824,Egestas Duis Corporation,2025-05-08 16:00:00
12,Igor Schultz,quis.turpis@protonmail.couk,1-600-532-5175,Ac Mi Eleifend LLC,2024-06-06 16:30:42
13,Valentine Franks,egestas.sed@icloud.ca,1-451-586-8572,Neque Et Ltd,2024-06-05 05:48:15
14,Beau Fisher,nec@outlook.org,1-616-888-6008,Phasellus Associates,2025-04-23 14:30:18
15,Shad Farrell,neque.venenatis@protonmail.edu,(913) 765-6112,Risus Donec PC,2024-12-11 14:46:00
16,Ferris Santiago,ut.tincidunt@hotmail.ca,1-675-234-7736,Amet Diam Eu Ltd,2025-05-18 09:20:42
17,Cyrus Graham,arcu@google.org,(266) 277-2266,Lorem Ipsum Corporation,2025-05-31 08:45:20
18,Dora Clay,cras.sed@icloud.edu,(368) 394-1730,Elit Pharetra Corp.,2025-01-03 07:23:05
19,Jared Page,magna@google.couk,1-690-749-3050,A Sollicitudin Corp.,2024-10-27 01:53:21
20,Logan Riley,sit.amet@protonmail.couk,(930) 646-2858,Parturient Corporation,2025-04-30 15:31:47
21,Azalia Bates,orci.luctus.et@hotmail.couk,1-230-301-1047,Arcu Sed Eu LLC,2024-01-08 09:59:37
22,Avram Barker,enim.consequat@hotmail.net,(745) 166-5535,Ornare Fusce Ltd,2024-08-06 19:01:02
23,Sarah Trujillo,at.nisi@aol.com,1-956-428-7802,Quis Lectus Nullam Ltd,2025-03-21 12:54:15
24,Uta Ratliff,massa.non@outlook.com,1-733-828-3848,Dolor Tempus Corp.,2024-10-27 12:55:34
25,Carl O'connor,mi.fringilla.mi@icloud.edu,(836) 732-7825,Rutrum Justo Ltd,2025-07-25 05:20:46
26,Ciaran Cooper,erat.vel.pede@icloud.org,(212) 345-6069,Et Malesuada Corporation,2025-09-11 13:09:20
27,Magee Page,dictum@protonmail.net,1-756-457-6985,Dignissim PC,2025-09-18 08:08:39
28,Ignatius Grant,sit@yahoo.org,(442) 388-8703,Dapibus Industries,2024-08-09 09:40:43
29,Iliana Bass,odio.sagittis@hotmail.org,1-357-636-3186,Metus Vitae Institute,2025-01-23 06:15:59
30,Charles Brewer,elit.fermentum.risus@google.com,1-662-279-2229,Adipiscing Lobortis PC,2024-06-13 17:42:58
31,Lamar Woodard,ipsum.primis@icloud.edu,(334) 484-4757,Neque Tellus Ltd,2024-04-27 21:03:30
32,Julie Tanner,arcu@aol.edu,1-731-681-2008,Tempus Lorem Incorporated,2024-06-13 02:57:07
33,Colt Williams,orci.lacus.vestibulum@aol.com,1-777-914-7662,Ac Urna Associates,2025-12-09 00:06:16
34,Alisa Porter,cras.eget@google.org,1-816-921-3886,Et LLP,2025-10-20 07:35:22
35,Maris Cantrell,cursus.luctus@yahoo.ca,(567) 452-0664,Vitae Limited,2024-06-13 11:32:30
36,Carson Charles,faucibus.lectus.a@aol.couk,(892) 936-5265,Vivamus Nibh Dolor Associates,2024-09-30 14:24:58
37,George Allison,risus@yahoo.edu,(491) 746-5508,Felis Adipiscing Fringilla Company,2024-03-05 02:23:56
38,Finn Nash,blandit.nam@outlook.com,(356) 664-5466,Ultrices Mauris Corp.,2024-04-04 14:51:06
39,Kasimir Myers,euismod.in@aol.com,1-527-278-3168,Eget Venenatis A Associates,2025-02-21 08:58:46
40,Jena Mendoza,mi.felis.adipiscing@outlook.ca,(873) 898-2246,Tristique Senectus PC,2025-03-22 22:46:44
41,Kirk Gillespie,amet.nulla@google.net,1-123-876-1976,Purus Incorporated,2025-04-05 18:10:41
42,Jane Washington,fermentum.risus.at@icloud.org,1-380-759-7682,Eleifend Egestas Corporation,2025-10-22 21:14:58
43,Miriam Buckner,massa.mauris.vestibulum@outlook.edu,(224) 594-7142,Consectetuer Mauris Corporation,2025-01-23 17:08:34
44,Merrill Mack,eleifend@google.com,1-832-686-1223,Vehicula Aliquet Limited,2024-03-05 05:41:06
45,Maris Howe,purus.accumsan@hotmail.com,(812) 644-6944,Imperdiet Ornare In Industries,2024-04-19 04:26:54
46,Ferris Robbins,parturient.montes@icloud.couk,(417) 573-3532,Arcu Vivamus Corp.,2025-04-01 18:58:38
47,Mary Daniel,pede@google.net,(746) 462-0816,Tellus Suspendisse Limited,2025-12-01 04:27:39
48,Jaquelyn Munoz,euismod@hotmail.ca,1-586-796-2349,Metus In Lorem Institute,2023-12-15 17:24:21
49,Galvin Watson,nec.malesuada.ut@yahoo.net,1-344-610-3956,Penatibus Corp.,2025-11-17 11:19:06
50,Nasim Case,egestas.aliquam@google.org,(612) 872-8488,Nec LLC,2024-01-26 15:09:54
51,Lacy Cannon,nunc.ac@hotmail.net,1-878-867-9910,Consequat Incorporated,2025-06-03 20:24:34
52,Orlando Farrell,sed@yahoo.com,(231) 344-2621,Lectus A LLP,2025-09-04 21:48:18
53,Dahlia Morrison,enim.consequat@aol.couk,1-645-857-1052,Phasellus Ornare Consulting,2024-01-15 23:14:26
54,Justine Wood,nullam.feugiat.placerat@icloud.net,1-736-677-2786,Suspendisse Aliquet Corp.,2024-01-28 12:00:31
55,Megan Cantrell,eget.varius@yahoo.org,1-630-664-1077,Consectetuer Ipsum Inc.,2025-11-10 21:36:26
56,Philip Bryant,sit.amet@google.couk,1-349-412-7224,Massa Integer Corp.,2025-05-14 00:03:39
57,Declan Hogan,eu.augue.porttitor@protonmail.com,1-346-481-7188,Nunc Id PC,2024-04-23 16:28:38
58,Benedict Lucas,ut.lacus@yahoo.net,1-242-738-5965,Fringilla Donec Inc.,2024-01-25 16:35:30
59,Fuller Barrera,aliquam.nisl.nulla@google.com,1-615-458-3224,Parturient Montes Foundation,2025-08-10 14:59:56
60,Connor Benton,at.egestas@yahoo.org,(642) 556-6446,Mauris A Limited,2025-02-13 06:00:33
61,Shaine Murphy,luctus@hotmail.net,1-525-846-8169,Magna Cras Corp.,2024-04-13 08:42:44
62,Merrill Hubbard,a.ultricies@hotmail.edu,(546) 575-2781,Amet Consectetuer Adipiscing LLP,2024-12-24 20:54:35
63,Ivana Casey,aliquam@outlook.net,1-813-179-1819,Velit Pellentesque Ultricies LLP,2024-12-15 19:59:35
64,Hilda Conner,aenean.egestas@outlook.ca,(462) 566-7555,Dis Parturient Montes Corporation,2024-03-13 16:54:30
65,Driscoll Wolf,ullamcorper.duis@icloud.org,(178) 685-5255,Elit A LLC,2025-03-20 03:46:17
66,Rudyard Wells,aliquam.gravida.mauris@yahoo.ca,1-215-483-6063,Elit Corporation,2025-09-07 17:03:09
67,Melinda Warner,lorem.lorem.luctus@hotmail.net,1-803-671-6163,Eget Volutpat LLP,2025-10-21 10:04:32
68,Teegan Spencer,proin.ultrices@outlook.edu,(808) 647-3883,Imperdiet Ullamcorper Institute,2024-11-13 21:26:31
69,Giacomo Schwartz,enim.gravida.sit@hotmail.couk,(948) 456-0103,Ut Inc.,2025-08-18 18:47:12
70,Summer Velasquez,rutrum@outlook.com,(267) 543-4133,Blandit Nam Corp.,2025-05-29 08:42:39
71,Serina Gill,dictum.eu@yahoo.org,1-861-238-2380,Erat Volutpat Limited,2024-04-28 03:46:21
72,Amethyst Stanton,convallis.est.vitae@protonmail.org,(856) 335-7721,Nisi Foundation,2025-04-07 16:55:28
73,Ciara Johns,blandit.congue@aol.com,1-460-277-0851,Aenean Egestas Ltd,2025-10-19 17:58:29
74,Cadman Wilkinson,donec.tempus.lorem@hotmail.org,1-142-479-0042,Est Nunc Associates,2024-02-11 04:54:47
75,Erica Hunt,tincidunt.tempus@yahoo.net,(758) 274-3922,Erat Ltd,2024-12-30 06:12:19
76,Maxine Stanton,tellus@yahoo.net,(724) 913-8866,Sociis Corporation,2024-04-08 08:49:07
77,Cyrus Reed,tristique@outlook.com,1-616-514-1605,Quam A Corp.,2024-10-11 17:13:16
78,Len Mcdonald,sed.sem@yahoo.couk,(386) 865-2577,Blandit Congue Foundation,2025-07-09 07:12:03
79,Elvis Williamson,lectus.nullam.suscipit@outlook.org,1-271-584-1573,Sagittis Nullam Industries,2024-05-24 23:24:44
80,Matthew Adkins,in@hotmail.com,1-662-236-9835,Augue Malesuada Malesuada LLC,2024-03-06 23:03:59
81,Baker Rivas,ornare@icloud.couk,(669) 874-6334,Amet Risus Corp.,2024-11-10 13:03:47
82,Noah Willis,praesent@hotmail.ca,(287) 881-1078,In Faucibus Orci Consulting,2024-06-23 13:39:57
83,Carla Owens,semper.egestas@aol.couk,1-668-805-3417,Non Hendrerit Associates,2025-10-04 00:16:47
84,Marcia Burris,mus.proin@google.ca,1-730-475-1151,Ipsum Suspendisse Inc.,2024-06-05 20:07:18
85,Lana Gilmore,malesuada.vel.convallis@outlook.com,(321) 520-7327,Vivamus Rhoncus Limited,2025-11-25 01:07:52
86,Cora Harris,ut.nisi@outlook.ca,(288) 411-2470,Faucibus Ut Nulla Corp.,2024-06-20 21:27:15
87,Hermione Tillman,mus.donec.dignissim@google.org,1-754-754-4659,Dolor Sit Associates,2024-02-22 01:54:24
88,Martha Black,ullamcorper.magna@outlook.couk,(402) 415-5286,Ut Odio Vel Associates,2025-04-19 18:00:55
89,Samson Reynolds,egestas@icloud.org,1-838-639-3434,Bibendum Sed Industries,2025-09-07 01:04:03
90,Aileen Adams,placerat.cras@aol.org,(817) 144-4752,Morbi Non Sapien Associates,2025-07-05 21:32:17
91,Dennis Michael,ornare.egestas.ligula@google.net,1-828-234-8725,Mus Aenean Corp.,2024-03-23 12:00:43
92,Leo Cash,venenatis.a@aol.edu,1-491-887-7116,Urna Nunc PC,2025-09-04 08:41:44
93,Iona Berger,nonummy@protonmail.com,(863) 640-4706,Magna Industries,2024-12-17 21:37:29
94,Fay Vaughan,quam.quis@icloud.couk,1-399-225-3135,Odio A Purus Ltd,2024-05-09 23:59:19
95,Linda Freeman,pede@yahoo.couk,1-184-365-3305,Hendrerit Neque In PC,2025-12-08 14:10:33
96,Amity Levy,sed@aol.org,1-467-247-1418,Dolor Tempus Consulting,2025-10-02 09:23:34
97,Evan Langley,eros.turpis@google.ca,1-458-132-2534,Lectus LLC,2024-09-09 10:48:57
98,Vanna William,odio.sagittis.semper@hotmail.ca,1-642-687-6667,Donec Est Nunc Limited,2025-03-13 06:31:19
99,Walker Brooks,mi@protonmail.com,(632) 214-5184,Ac Turpis Incorporated,2025-04-25 13:56:22
100,Brett Roach,diam@icloud.org,1-442-243-8193,In Faucibus Company,2024-02-06 18:44:32
101,Charity Nguyen,convallis.ante.lectus@google.edu,(882) 338-6235,Libero Proin Sed Corporation,2025-07-12 16:56:51
102,Barrett Mosley,proin.non@hotmail.com,(782) 871-3052,Lectus Rutrum Urna Institute,2024-04-15 09:31:21
103,Whoopi Norris,faucibus.ut@outlook.edu,(636) 748-0255,In Magna Incorporated,2024-09-30 13:11:54
104,Daphne Guerra,tristique.senectus@hotmail.com,1-922-278-2558,Egestas Rhoncus LLP,2024-03-12 02:04:55
105,Kimberly Rios,sed@icloud.org,1-801-692-9417,Mus Proin Vel Institute,2025-09-19 03:59:44
106,Lysandra Dickson,orci@google.ca,(203) 883-3238,Ut PC,2025-07-13 02:38:25
107,Slade Dixon,lacinia.orci@icloud.org,(848) 661-3194,Lobortis Nisi Limited,2025-04-19 15:27:01
108,Abbot Long,tellus.id.nunc@icloud.ca,1-263-283-3937,Amet Consulting,2024-02-27 03:26:24
109,Gil Chase,suspendisse.sed.dolor@yahoo.couk,1-675-945-0137,Vulputate Nisi Associates,2025-06-27 00:49:58
110,Otto Mcpherson,magna.phasellus@protonmail.edu,(421) 447-8483,Lobortis Nisi Consulting,2024-10-28 03:13:09
111,Kevin Perkins,adipiscing.enim@google.com,(731) 506-8371,Nam Nulla Magna LLC,2025-08-04 00:34:17
112,Tad Buchanan,suscipit.nonummy.fusce@hotmail.ca,(889) 676-6322,Sed Incorporated,2024-05-08 01:34:28
113,Dai Edwards,et@outlook.couk,(351) 668-9361,Non Nisi LLC,2025-03-23 04:35:51
114,Tarik Mckenzie,nibh.lacinia@outlook.edu,(520) 566-5260,Erat Inc.,2025-04-18 11:50:57
115,Ria Miranda,ultrices.iaculis.odio@aol.org,(238) 865-7711,Mollis Integer Company,2025-10-02 15:35:36
116,Alvin Case,cum.sociis@outlook.ca,1-125-649-1580,Amet Risus Incorporated,2024-05-28 13:39:11
117,Joshua Woodard,quis.turpis@outlook.ca,(750) 334-8371,Posuere LLP,2024-07-10 13:48:48
118,Brynn Collier,lorem.luctus.ut@hotmail.org,1-774-572-2841,Eleifend Non Dapibus LLC,2024-07-27 17:18:19
119,Iris Chaney,augue.id.ante@icloud.edu,(587) 885-6321,Risus Duis A PC,2025-01-29 13:27:40
120,Xenos Hunt,non.magna@yahoo.com,(575) 855-7034,Neque Vitae Institute,2024-04-15 19:11:28
121,Eleanor Singleton,nunc.in@hotmail.edu,1-162-685-5175,Et Malesuada Fames Limited,2024-09-11 17:30:19
122,Calvin Schultz,tempor.augue@hotmail.edu,(776) 288-6194,Sem LLP,2024-12-17 22:07:54
123,Germaine Gaines,rutrum.urna@protonmail.couk,(678) 974-1017,Ut Lacus Nulla Consulting,2025-07-15 18:08:31
124,Reed Terry,fusce.feugiat@protonmail.org,1-605-386-0014,Phasellus Fermentum Corporation,2024-01-30 19:57:25
125,Nichole Mccormick,mauris.nulla@outlook.com,(986) 448-6248,In Condimentum Donec Corporation,2024-03-08 22:44:23
126,Hammett Bowman,quisque.purus@yahoo.couk,(638) 282-1444,Maecenas Malesuada Foundation,2025-06-22 03:13:31
127,Vladimir Bender,mauris.aliquam.eu@icloud.ca,1-962-884-8136,Amet Consectetuer Adipiscing Industries,2024-10-27 16:17:52
128,Angela Bullock,magna.duis@outlook.couk,1-777-252-8337,At Egestas Incorporated,2025-01-22 10:10:35
129,Walter Moreno,integer.vulputate@protonmail.net,1-128-753-5439,Ipsum Porta LLP,2024-12-02 09:21:32
130,Dai Sexton,magna@hotmail.couk,1-881-245-3616,Mauris Erat Eget LLP,2025-05-21 22:44:18
131,Hiram Faulkner,neque.morbi@hotmail.org,1-271-730-4869,Ultrices Ltd,2025-06-08 23:10:46
132,Libby Bryant,mollis.lectus@icloud.ca,1-416-806-5776,Bibendum Ullamcorper Duis Foundation,2025-06-25 06:23:03
133,Herrod Gonzales,vel.pede.blandit@outlook.edu,(276) 752-9512,Fames LLC,2024-11-10 02:03:12
134,Molly Velasquez,semper.erat.in@yahoo.edu,(750) 548-6814,Ut Molestie In Incorporated,2024-07-19 06:01:35
135,Jorden Mcbride,erat.eget@hotmail.ca,(766) 147-7306,Per Ltd,2025-09-12 07:44:35
136,Raven Andrews,vestibulum.neque@hotmail.com,(969) 572-1180,Fermentum Fermentum LLP,2025-03-03 11:54:51
137,Galvin Mays,etiam.ligula@aol.net,(167) 547-2531,Donec Consectetuer Mauris Inc.,2024-11-18 14:59:25
138,Ramona Powell,dictum@hotmail.org,(650) 436-6377,Quam Dignissim Corp.,2025-07-24 15:57:55
139,Serena Suarez,sed.congue@yahoo.ca,1-303-419-9037,Velit LLC,2025-12-10 18:25:02
140,Fleur Ramos,conubia.nostra@google.couk,1-755-744-1617,Ut Pharetra Associates,2025-05-28 16:24:11
141,Ayanna Santiago,nisi.magna@hotmail.ca,(462) 149-5630,Curabitur Industries,2025-04-13 09:14:46
142,Carlos Luna,dui.in@icloud.net,(257) 464-9612,Donec Ltd,2025-11-20 02:52:56
143,Connor Sanchez,elit.fermentum.risus@google.ca,(735) 545-5528,Dictum Ultricies Corp.,2024-04-07 14:01:37
144,Audra Navarro,ac@yahoo.edu,(215) 306-0540,Pede Industries,2025-10-28 17:56:35
145,Armand Bauer,neque@google.couk,1-564-758-2380,Lectus A Institute,2025-06-01 09:34:49
146,Sonya Sawyer,cursus.purus@outlook.org,(432) 664-2081,Est Arcu Incorporated,2025-07-18 14:57:52
147,Herman Palmer,posuere.enim.nisl@icloud.net,(266) 531-0253,Nullam Feugiat Associates,2025-09-23 22:14:03
148,Baxter Blevins,vitae.risus@icloud.couk,(574) 321-5534,Metus In Foundation,2024-01-21 03:22:09
149,Nina Morrow,pellentesque.tellus@yahoo.com,(675) 168-3924,Quis Urna Institute,2025-07-15 08:03:25
150,Carlos Nixon,integer.tincidunt@hotmail.couk,1-578-218-5328,Volutpat Industries,2024-12-12 03:42:23
151,Signe Young,malesuada.malesuada@google.edu,1-738-976-4555,Placerat Velit Institute,2025-06-25 11:38:30
152,Flynn Brennan,vestibulum@icloud.ca,(561) 221-5783,Bibendum Donec Limited,2024-03-03 06:39:18
153,Mona Ellis,sit@icloud.org,(478) 287-9253,Turpis Aliquam Limited,2024-11-25 03:09:55
154,Cullen Gregory,a@icloud.com,1-218-305-2702,Eu Euismod LLC,2024-10-05 10:27:00
155,Jin Mayer,gravida.sit@yahoo.com,1-553-558-3397,Mauris Incorporated,2025-07-10 22:23:02
156,Wang Garner,gravida.aliquam.tincidunt@hotmail.edu,(822) 820-1448,A Arcu Corporation,2023-12-13 06:28:29
157,Emily Parker,a.magna@yahoo.edu,1-452-817-8885,Consectetuer Adipiscing Elit LLC,2024-04-05 03:57:43
158,Abdul Bray,urna.ut.tincidunt@aol.org,(818) 736-2032,Eros Nam Consequat Corporation,2025-10-28 19:20:07
159,Elijah Cunningham,nascetur.ridiculus@hotmail.ca,1-621-786-5724,Sed Nec Metus Corp.,2025-10-31 10:16:22
160,Ramona Gentry,eget@google.com,1-621-154-3767,Mauris Molestie Corporation,2024-09-24 12:12:10
161,Whitney Merritt,metus@google.ca,1-913-573-0318,Lorem Eget Inc.,2024-01-23 15:22:44
162,Lunea Frye,dolor.sit@aol.com,1-245-724-7232,Curabitur Ut Corp.,2025-09-01 20:48:11
163,Garrett Hester,amet@icloud.org,1-898-864-4876,Curabitur Dictum Phasellus Institute,2025-10-20 17:53:07
164,Shana Mcdowell,amet.ultricies@icloud.org,1-294-854-4475,Eu Odio Industries,2025-10-21 13:36:00
165,Yasir Mccarthy,vel.faucibus.id@icloud.couk,1-542-244-7185,Integer Sem Limited,2025-11-18 19:08:21
166,Melanie Rosales,cum@hotmail.com,(865) 730-8044,Sed Institute,2025-01-06 21:33:33
167,Tad Parsons,consectetuer@hotmail.org,(441) 404-6456,Ut Molestie Associates,2025-04-21 22:58:02
168,Brynn Serrano,euismod.et@icloud.edu,(578) 805-0731,Erat Volutpat Limited,2024-11-27 09:15:18
169,Madison Ortega,sed.libero@aol.ca,1-618-662-5125,Justo Sit Incorporated,2025-09-13 18:23:54
170,Tobias Skinner,quam.curabitur.vel@google.com,1-525-277-0187,Amet Dapibus Ltd,2025-07-19 23:09:19
171,John Tyson,velit.dui@yahoo.ca,(425) 126-0285,Amet Company,2025-05-02 16:43:43
172,Quin Ratliff,risus@outlook.ca,(892) 889-7833,In Scelerisque PC,2025-04-14 21:39:49
173,Lila Porter,ante.iaculis@protonmail.couk,(824) 744-8011,Orci Ut Sagittis Limited,2025-10-27 01:37:28
174,Blythe Frost,gravida.sagittis@google.com,(772) 607-3212,Lorem Ltd,2025-07-09 13:40:25
175,Justine Nicholson,ac.facilisis@hotmail.couk,1-461-626-2411,Fringilla Est Mauris Ltd,2025-08-30 18:56:17
176,Indira Nieves,duis.dignissim.tempor@google.edu,1-694-482-7246,Sed Limited,2025-12-10 18:10:40
177,Lacy Russell,congue.elit@aol.com,(248) 817-7443,Ullamcorper Nisl Industries,2024-02-17 05:25:44
178,Nelle Little,massa.quisque@icloud.ca,(788) 478-8821,Dolor Vitae Company,2024-10-15 13:21:57
179,Amos Page,leo.elementum@hotmail.org,(782) 484-6707,Ullamcorper Incorporated,2024-04-03 20:05:23
180,Oscar Hull,posuere.cubilia@aol.org,(465) 627-5752,Ipsum LLC,2024-09-07 04:41:23
181,Grace Robertson,lacus.etiam@aol.com,(907) 963-6329,Est Congue Inc.,2024-03-31 01:21:37
182,Prescott Rivas,aliquam.tincidunt@yahoo.ca,1-654-332-1247,Amet Ornare Lectus Industries,2024-06-26 20:36:00
183,Sylvia Lucas,metus.vitae@aol.couk,(254) 320-4112,Vulputate Mauris Consulting,2025-11-02 15:47:57
184,Aladdin Holcomb,etiam.bibendum.fermentum@hotmail.ca,(124) 581-6918,Pharetra Ut Pharetra Consulting,2024-06-04 02:42:05
185,Xavier Glass,mi.aliquam.gravida@google.com,(571) 162-5155,Eu Institute,2024-04-09 14:03:55
186,Barbara Robertson,leo.morbi.neque@yahoo.edu,(523) 633-1555,Ipsum Ac PC,2024-05-04 06:21:02
187,Jaquelyn Cain,tempor.arcu@outlook.ca,1-371-435-8597,Lectus Pede Ultrices Foundation,2025-09-16 10:33:52
188,Raymond Farley,sit.amet.risus@protonmail.com,1-952-452-4297,Tempor Arcu Vestibulum Ltd,2024-11-10 18:11:23
189,Sophia Wong,blandit.nam@icloud.couk,1-514-173-5637,In Tempus LLC,2023-12-19 04:19:13
190,Victor Freeman,sem@aol.org,(476) 411-0313,Nulla Corp.,2025-01-02 02:52:24
191,Geraldine Garner,elit.pharetra@hotmail.net,1-223-707-7215,Curae Industries,2024-05-28 11:13:24
192,Xenos Dean,fusce.aliquam.enim@yahoo.com,1-610-270-5241,Vulputate Inc.,2023-12-20 03:06:38
193,Rose Macias,dolor.sit@google.com,(884) 363-9444,Congue Corp.,2024-10-01 16:10:35
194,Marvin Dawson,rhoncus.nullam.velit@protonmail.edu,(318) 318-4273,Et Euismod Incorporated,2025-01-24 14:17:01
195,Shelby Manning,egestas.blandit@protonmail.net,(196) 474-1643,Mauris Non Dui LLC,2025-01-01 18:21:30
196,Caryn Everett,arcu.vestibulum@yahoo.ca,1-421-107-7289,Aliquam Erat Company,2024-03-29 23:59:13
197,Ainsley Knapp,velit.cras@icloud.com,1-642-421-2957,Velit LLC,2024-06-14 11:12:41
198,Alden Barry,nam.nulla.magna@hotmail.edu,1-231-495-1666,Neque Morbi LLP,2025-08-03 09:19:03
199,Yolanda Rollins,lorem.fringilla@yahoo.ca,(672) 857-9538,Adipiscing Lacus Ut Associates,2024-09-11 00:35:39
200,Plato Sharpe,pede.cras@outlook.org,1-768-806-3316,Faucibus Morbi PC,2024-04-28 19:23:14
201,Yoshio Pitts,congue.a@hotmail.ca,(226) 837-8282,Aliquam Gravida Industries,2025-03-10 09:30:25
202,Zoe Tyson,ante.bibendum@yahoo.edu,(526) 961-6661,Id Ante Corporation,2024-01-12 06:41:19
203,Kelly Madden,hendrerit.donec.porttitor@protonmail.edu,1-939-484-1111,Tempor Est Institute,2025-09-05 05:07:22
204,Macon Gibbs,molestie@google.com,1-941-917-8611,Pede Nunc Sed Incorporated,2025-10-10 21:58:35
205,Wayne Hood,quam.elementum@yahoo.org,(659) 472-5990,Diam Limited,2025-12-01 02:33:08
206,Vivien Watkins,fermentum@protonmail.com,1-113-837-7041,Vitae LLP,2024-11-16 18:39:04
207,Skyler Garrison,tempus.eu.ligula@icloud.edu,1-288-544-7884,Porttitor Incorporated,2024-02-03 15:01:11
208,Bert Hill,pede.nunc.sed@icloud.edu,1-539-685-2963,Semper LLP,2024-05-02 15:17:53
209,Jaden Barker,semper.auctor.mauris@protonmail.com,1-369-229-2326,Lorem Luctus Ut Corp.,2025-03-12 16:40:24
210,Gareth Diaz,sodales.elit@protonmail.org,1-915-342-3399,Risus Quis Corp.,2025-09-30 09:34:16
211,Kelly Kirby,in.lorem@protonmail.ca,1-773-228-5219,Vivamus Corp.,2025-02-16 02:27:13
212,Barbara Tyson,urna.convallis.erat@protonmail.ca,1-396-147-6384,Lectus Pede LLP,2024-09-17 11:56:39
213,Carl Gould,nunc.ullamcorper.velit@protonmail.net,(323) 666-3732,At Arcu Inc.,2025-09-01 23:30:59
214,Blythe Norris,tristique.ac@yahoo.couk,1-275-748-7601,Est Mauris Industries,2025-05-27 06:50:13
215,Zenia Fisher,facilisis@aol.edu,(822) 703-8412,Euismod Ac PC,2024-06-19 22:25:37
216,Cecilia Levine,ligula@yahoo.net,1-979-548-2147,Mauris Blandit Consulting,2024-12-18 16:22:35
217,Oren Lewis,aliquam.vulputate.ullamcorper@hotmail.couk,(223) 858-6217,Eget Venenatis Corporation,2025-11-24 01:56:37
218,Lareina Vance,dictum.magna@aol.com,1-871-667-1772,Ante Associates,2025-11-05 11:03:39
219,Hilary Hogan,varius@outlook.com,(681) 582-3644,Cursus Industries,2024-05-29 03:22:35
220,Fulton Battle,sagittis.nullam.vitae@google.ca,1-286-784-8057,Etiam Vestibulum Massa PC,2025-01-13 08:04:26
221,Naomi Ellis,vehicula@aol.com,1-976-234-1118,Iaculis Aliquet Limited,2025-03-15 11:39:29
222,Ifeoma Pope,metus.eu@icloud.ca,(457) 831-6245,Feugiat Non Lobortis Industries,2025-04-14 17:45:00
223,Alice Dickson,duis.mi.enim@hotmail.ca,1-481-479-6337,Arcu Ac Foundation,2024-02-29 20:28:25
224,Cole Mcdonald,at.risus@aol.org,(692) 587-7353,Fusce LLP,2024-10-09 06:47:37
225,Allegra James,a.neque.nullam@yahoo.edu,(456) 811-8403,Arcu Limited,2025-11-19 05:07:44
226,Angelica Franks,placerat.eget@icloud.com,(532) 848-5152,A Magna Corp.,2025-03-09 21:15:36
227,Kasper Griffin,lectus.rutrum.urna@icloud.org,(398) 274-4783,Pellentesque Ultricies Dignissim Ltd,2025-11-25 14:38:33
228,Elliott Wiley,ac@protonmail.net,(524) 251-3933,Morbi Sit Consulting,2024-02-06 04:48:51
229,Hakeem Eaton,aenean.euismod@protonmail.edu,(547) 466-6585,In Faucibus Foundation,2024-06-05 05:40:44
230,Stephanie Pacheco,et.rutrum@icloud.couk,1-751-673-6415,Orci LLC,2025-02-03 10:06:20
231,Gabriel Rhodes,libero@yahoo.net,1-413-607-8948,Sagittis Augue Eu Limited,2025-05-09 23:43:56
232,Donovan Bernard,lorem.auctor@yahoo.com,(537) 431-4787,Est Mauris LLP,2024-07-03 14:12:04
233,Sebastian Lowery,semper.rutrum.fusce@hotmail.couk,(622) 593-7687,Vivamus Nibh Industries,2024-01-11 09:34:13
234,Hamish Davidson,ipsum@google.edu,(678) 829-4624,Integer Sem Limited,2025-11-13 05:18:26
235,Candice Curry,eros.proin.ultrices@yahoo.com,(736) 621-1456,Ornare Limited,2024-05-16 09:44:29
236,Zephr Floyd,at@google.org,(226) 411-4540,Arcu Vestibulum LLP,2024-06-30 20:20:05
237,Lacota Potter,ipsum.nunc.id@google.org,1-629-883-3287,Rutrum Company,2024-08-13 15:46:13
238,Logan Rivera,dignissim.tempor@aol.com,1-508-654-5249,Sit Amet Nulla Industries,2024-05-16 23:58:12
239,Slade Morgan,commodo.tincidunt@protonmail.org,(681) 905-1416,Commodo LLP,2024-07-04 21:17:07
240,Noah Wilkins,tellus.non@icloud.org,(688) 427-5904,Vitae Mauris Foundation,2025-04-04 12:46:47
241,Leslie Benjamin,dapibus.rutrum.justo@icloud.com,(637) 577-1843,Porttitor Scelerisque Associates,2024-02-21 19:47:47
242,Keelie Villarreal,sapien.nunc.pulvinar@yahoo.ca,(698) 733-0334,Dictum LLP,2024-01-23 04:22:50
243,Yardley Chaney,libero.integer@outlook.couk,1-363-665-5823,Lorem Inc.,2024-07-07 20:57:45
244,Bruce James,mi.ac.mattis@icloud.net,1-804-552-8728,Aliquet Magna Incorporated,2024-06-17 17:49:02
245,Ifeoma Gentry,et.ultrices@protonmail.org,(255) 806-0456,Luctus Et Corp.,2025-09-21 05:43:54
246,Darrel Fleming,dictum.eleifend@protonmail.edu,(180) 889-1251,Enim Mi Corp.,2025-06-04 02:03:21
247,Oscar Haynes,ut.eros@protonmail.edu,1-784-664-1271,Nunc Ullamcorper Industries,2023-12-18 17:42:43
248,Kasper Guthrie,tincidunt.tempus.risus@icloud.net,(613) 463-6246,Pellentesque Corporation,2025-08-18 06:56:21
249,Chaney Carroll,cras@google.com,(568) 645-4215,Ac Facilisis Facilisis LLP,2025-05-18 16:58:04
250,Brielle Bass,tincidunt.adipiscing.mauris@icloud.org,(826) 722-1465,Tellus Phasellus Foundation,2025-09-12 07:47:03
251,Florence Nunez,accumsan@yahoo.org,1-527-346-6063,Nulla At Inc.,2024-02-20 09:28:30
252,Ursula Barrett,cubilia.curae@protonmail.edu,1-779-305-4468,Quisque Tincidunt Company,2025-02-16 06:08:39
253,Raya Holcomb,vitae.erat@yahoo.net,1-503-815-4384,Imperdiet Corporation,2025-02-22 17:26:50
254,Sonia Hurley,phasellus.vitae@yahoo.couk,(816) 925-7187,Libero LLC,2024-01-19 16:07:28
255,Travis Delgado,urna@outlook.edu,1-714-487-0454,Non PC,2024-03-28 13:34:57
256,Brynn Middleton,aliquam@hotmail.org,1-685-466-2285,Nisl Quisque Inc.,2025-09-21 17:49:42
257,Clayton Christensen,semper.et.lacinia@yahoo.com,1-365-712-2115,Orci Consectetuer Euismod Ltd,2024-01-08 18:44:17
258,Hunter Oliver,hendrerit.consectetuer.cursus@protonmail.org,1-428-425-4142,Lacus Pede Foundation,2024-12-04 19:33:19
259,Ali Maldonado,morbi.sit@protonmail.edu,(736) 855-5886,Neque Nullam Ut Institute,2024-04-15 09:54:30
260,Hammett Webb,mollis.dui.in@aol.edu,1-776-847-6763,Cras Dolor Consulting,2025-05-14 08:07:58
261,Alexa Weiss,cursus.integer.mollis@yahoo.com,(381) 568-8977,Felis LLP,2024-04-05 14:27:52
262,Joelle Martin,vel@yahoo.ca,(116) 262-3796,Sed Id Ltd,2024-02-18 06:00:36
263,Blaze Bates,sagittis.augue@google.org,1-683-753-2984,Neque Morbi Limited,2025-04-25 09:54:36
264,Melvin Brooks,metus.aliquam.erat@google.org,1-467-158-9397,Cubilia Curae Foundation,2023-12-13 20:29:14
265,Steel Chandler,nec.malesuada.ut@hotmail.org,(656) 568-4782,Lorem Ipsum Limited,2025-02-05 09:58:44
266,Cooper Myers,vestibulum.neque@aol.edu,1-268-843-7443,Etiam Company,2024-07-03 01:18:01
267,Driscoll Reilly,vivamus.sit.amet@google.ca,1-342-786-2126,Vestibulum Nec Euismod PC,2025-03-02 08:00:39
268,Athena Morris,et.ultrices@yahoo.net,1-848-410-9036,Adipiscing Mauris Foundation,2024-04-07 03:16:26
269,Joelle Henson,tristique@hotmail.edu,1-265-869-1710,Est Mauris PC,2024-03-31 20:49:32
270,Reuben Hodge,integer.sem@outlook.com,(688) 751-1605,Nascetur Associates,2025-10-28 23:39:01
271,Brenden Dean,per.conubia@icloud.com,(971) 764-4893,Ligula Consectetuer Ltd,2024-02-09 07:48:46
272,Madeline Newton,fermentum.arcu.vestibulum@icloud.com,(563) 312-7545,Duis Industries,2025-09-10 19:04:30
273,Denise Crosby,cras.pellentesque.sed@outlook.edu,1-765-447-3865,Diam Eu Inc.,2024-07-20 09:35:32
274,Mohammad Lara,massa.lobortis@yahoo.edu,1-617-307-3347,Semper Erat In Limited,2025-05-16 06:02:46
275,Fitzgerald Parrish,ante@google.com,1-383-446-7772,Orci Lobortis Institute,2025-09-23 15:59:48
276,Nigel Joyce,amet.massa@google.org,(227) 762-3795,Dis LLP,2025-04-16 03:50:57
277,Ulric Workman,neque.nullam@outlook.edu,1-584-665-2716,Neque Pellentesque Corporation,2025-01-22 19:17:08
278,Dalton Beach,iaculis.aliquet@protonmail.com,1-947-435-3026,Ac Mi Limited,2024-11-01 22:14:53
279,Erich Goodman,dapibus@outlook.couk,1-758-770-6385,Donec Est Company,2024-10-06 20:57:26
280,Stewart Guerrero,parturient@aol.edu,1-702-478-8376,Aenean Company,2024-02-20 17:18:46
281,Camden Tran,elementum.purus@icloud.com,1-925-431-5203,Molestie Foundation,2025-03-30 19:11:29
282,Stewart Hendricks,eget.volutpat@hotmail.org,(475) 578-3613,Integer Sem LLP,2024-06-12 08:27:26
283,Thane Bray,ridiculus@google.couk,(532) 541-3283,Et Tristique Limited,2024-01-30 01:16:18
284,Burton Morin,sodales.mauris.blandit@icloud.net,1-753-168-5605,Eu Eleifend Nec Corp.,2024-12-15 04:02:28
285,Solomon Coffey,aliquam.arcu@icloud.org,1-336-446-2176,Ante Lectus Inc.,2025-04-07 08:09:19
286,Montana Frye,orci.luctus@google.ca,1-623-316-0784,Ornare In Associates,2024-07-19 17:41:12
287,Alden Fry,phasellus.dapibus.quam@hotmail.edu,1-693-671-7412,Aliquam Incorporated,2024-05-16 18:18:06
288,Cally Joseph,varius.ultrices.mauris@google.org,1-545-476-3380,Donec Nibh Quisque Foundation,2025-09-03 23:23:01
289,Keaton Barron,mi.lorem@google.edu,1-428-955-5752,Pede Nunc Consulting,2024-01-10 10:04:38
290,Imelda Stone,aliquam.auctor@yahoo.net,1-138-143-0553,Vulputate Ullamcorper Magna Inc.,2024-08-18 05:12:59
291,Tyler Ward,vulputate.mauris.sagittis@google.edu,(213) 784-6258,In At LLP,2025-03-05 10:55:41
292,Dane Noel,ultrices.iaculis@aol.org,1-819-617-7423,Aliquam Ornare Libero Associates,2024-03-25 23:43:54
293,Joelle Stafford,malesuada.vel@protonmail.couk,1-840-434-5361,Vivamus PC,2024-12-29 18:17:54
294,Donovan Mcfadden,lorem.eget@outlook.ca,(327) 942-6174,Laoreet Lectus Quis Corporation,2025-10-05 14:16:01
295,Josephine Vaughn,aliquet.phasellus@protonmail.ca,(568) 827-1647,Consectetuer Foundation,2025-05-20 23:56:29
296,Gregory Stein,eu.dui.cum@hotmail.org,(617) 894-5467,Volutpat Nulla Dignissim Corp.,2025-11-14 23:51:25
297,Caldwell Alvarado,varius.ultrices.mauris@yahoo.com,1-897-284-6123,Orci Incorporated,2025-02-01 00:29:53
298,Emery Robles,dictum.phasellus@protonmail.com,1-749-485-7669,Sed Diam Consulting,2024-02-20 08:26:31
299,Beck Gomez,nonummy.fusce@outlook.org,1-635-386-6283,Gravida Nunc Sed LLC,2025-07-23 08:24:07
300,Quon Anderson,facilisis.magna.tellus@hotmail.ca,(858) 475-5273,Eleifend LLC,2024-02-12 10:24:40
301,Moses Gay,ut.nisi@google.edu,(651) 178-1888,Enim Curabitur Massa Corp.,2024-08-21 01:19:08
302,Louis Guerra,metus.sit@hotmail.ca,1-289-118-7381,Lorem LLC,2024-06-02 13:35:20
303,Nathan Owens,elit.etiam@icloud.couk,1-713-816-9467,Arcu Vel Quam Institute,2025-09-19 21:30:16
304,Sage Chen,auctor@icloud.com,(224) 504-0198,Semper Nam Corp.,2024-08-30 12:42:42
305,Laith Wong,nulla@icloud.net,(677) 835-3486,Mauris Sagittis PC,2025-07-26 05:17:21
306,Harper Diaz,consectetuer.euismod.est@icloud.edu,(972) 452-4655,Sed Dictum Ltd,2024-04-27 05:11:47
307,Sonia Simmons,donec.felis@hotmail.org,(441) 972-1786,Mollis Non Corporation,2025-01-07 15:10:45
308,Holmes Mcdowell,pharetra.felis@yahoo.org,1-155-771-7222,Cursus A Enim Corporation,2024-12-01 03:16:42
309,Quail Johnston,ut.mi@protonmail.edu,(163) 231-8043,Sit Amet Associates,2025-07-12 04:29:26
310,Dexter Bullock,eu.dolor.egestas@icloud.ca,(766) 168-7020,Id Libero Inc.,2025-07-30 18:22:29
311,Lani Elliott,tellus@aol.edu,1-287-425-7330,Sit Amet Metus Ltd,2025-03-15 07:54:05
312,Lareina Emerson,lacus.quisque.purus@google.couk,(358) 924-8185,Magna A Corporation,2025-06-16 22:43:02
313,Phelan Navarro,ipsum.ac@aol.net,1-642-941-5351,Nam Consequat LLP,2025-11-21 04:22:48
314,Rogan Bray,rhoncus.donec@outlook.net,1-950-638-6218,Purus Maecenas Libero Foundation,2025-12-11 06:39:40
315,Lewis David,cras.lorem@icloud.ca,1-270-234-6119,Duis Mi Enim Industries,2023-12-15 15:49:19
316,Hector Sanchez,vulputate.lacus.cras@yahoo.couk,1-476-148-2243,Duis A Mi Corp.,2025-02-18 18:14:34
317,Hayley Clements,sed.nec@aol.ca,1-357-436-4607,Justo Praesent Associates,2024-11-28 06:27:24
318,Len Todd,sed@yahoo.ca,(675) 687-5013,Amet Lorem Foundation,2024-04-03 09:01:23
319,Tana Gentry,cras.interdum@aol.edu,(681) 605-7517,Sem Ut Limited,2024-07-13 22:01:26
320,Akeem Henry,sapien.cras@aol.net,(713) 363-4957,Aliquam Eros LLP,2025-09-06 05:07:36
321,Daria Kim,massa.vestibulum@outlook.edu,1-840-513-7483,Aliquam Erat Volutpat LLP,2024-02-03 01:14:35
322,Risa Haney,egestas.ligula.nullam@protonmail.net,(291) 777-4776,Ut Nec Industries,2025-08-31 01:15:19
323,Armand Burnett,nascetur@hotmail.couk,(422) 516-8867,Vivamus Inc.,2024-03-06 19:40:26
324,Cheyenne Villarreal,donec.elementum@aol.ca,(278) 466-8725,Lacus Aliquam Rutrum Corp.,2024-02-24 12:32:30
325,Marshall Melendez,luctus.et@yahoo.edu,(419) 419-1893,Sed Eu Nibh Institute,2024-04-18 19:06:02
326,Shelly Bowers,tellus.imperdiet@yahoo.com,1-125-183-5327,Vitae Sodales Ltd,2025-08-21 01:35:44
327,Anastasia Mueller,quis.diam@protonmail.com,(348) 415-5274,Arcu Curabitur Corporation,2024-09-10 16:27:59
328,Beverly Jacobs,erat.eget@hotmail.com,(235) 601-1688,Justo Eu Ltd,2024-09-14 22:08:26
329,Tanner Acevedo,neque.in@yahoo.com,1-334-444-2594,Pede Nonummy Institute,2025-01-19 20:27:34
330,Wyatt Carter,ipsum@icloud.net,1-415-373-6888,Nunc Mauris Foundation,2024-02-20 07:43:40
331,Angelica Golden,amet.faucibus.ut@hotmail.org,(664) 857-3942,Sodales Elit Corp.,2024-12-30 05:03:07
332,Acton Snow,magna.phasellus@protonmail.edu,1-528-728-4736,Adipiscing Fringilla Foundation,2025-01-26 19:52:10
333,Burton York,tristique.pharetra@hotmail.edu,1-388-472-3529,Accumsan Interdum Limited,2024-01-10 01:23:02
334,Beau Young,purus.nullam.scelerisque@aol.com,1-554-645-2881,Quis Diam Pellentesque Corp.,2024-08-06 14:01:14
335,Ray Gallegos,ac.sem@icloud.com,(509) 891-9476,Et Magnis Dis Foundation,2024-08-04 19:04:26
336,Nina Sosa,at.fringilla@outlook.ca,1-488-574-3991,Aenean Sed Industries,2023-12-23 00:49:11
337,Dominique Hull,non@icloud.ca,(857) 787-3136,Mauris Inc.,2025-09-22 08:49:02
338,Colleen Giles,odio@icloud.ca,1-114-362-2217,Eu Tempor Foundation,2024-12-08 11:34:38
339,Hashim Charles,in.consequat@outlook.net,1-457-774-6168,Cum Sociis Natoque Corp.,2025-05-16 06:02:31
340,Cody Horton,orci.quis@aol.couk,(658) 364-3366,Eu Placerat Corp.,2024-07-02 12:49:50
341,Bethany Bright,molestie.tellus.aenean@hotmail.com,1-579-115-7227,Ut Quam Vel Industries,2025-10-28 13:19:08
342,Raphael Orr,nunc.sed@hotmail.edu,1-644-672-4250,Integer Inc.,2024-06-14 23:13:29
343,Calvin Gill,enim.diam@hotmail.org,(654) 868-5403,Ullamcorper Magna LLP,2024-12-31 10:09:53
344,Nasim Swanson,neque.nullam@outlook.com,1-871-455-7167,Odio Phasellus LLP,2025-03-31 07:23:22
345,Stewart Jensen,felis.nulla@yahoo.ca,(741) 805-4714,Consectetuer Ipsum Limited,2023-12-23 15:53:34
346,Samson Paul,placerat@yahoo.net,1-533-385-1681,Dui Fusce Aliquam Corporation,2024-09-20 06:47:51
347,Preston Hebert,egestas@icloud.net,1-867-538-1046,Amet Massa Quisque Institute,2025-09-24 15:32:11
348,Axel Gregory,nam.tempor.diam@icloud.ca,(655) 833-0807,Placerat Cras Dictum Industries,2024-01-18 02:32:04
349,Astra Vincent,dictum.eleifend@icloud.net,(870) 261-5412,Donec Nibh Ltd,2024-07-24 02:33:47
350,Ray Roberson,elit.pretium@protonmail.com,(358) 786-3663,Est Mauris Eu Limited,2025-12-10 01:18:52
351,Mohammad Le,montes@google.net,1-626-711-3488,Cubilia Curae Donec Associates,2024-01-27 15:12:03
352,Addison Schwartz,risus@icloud.com,1-317-749-1078,Suscipit Limited,2024-01-04 06:47:09
353,Matthew Logan,arcu.vestibulum@outlook.couk,1-456-690-3247,Sed Libero Proin Industries,2025-11-04 11:22:27
354,Myles Nielsen,dolor.vitae@aol.ca,1-979-694-6842,Arcu Sed Associates,2025-09-22 05:22:39
355,Tasha Wilder,neque.morbi@hotmail.ca,(774) 906-8635,Aliquam Institute,2024-07-24 13:05:56
356,Hu Sherman,pede@google.edu,1-567-372-5977,Volutpat PC,2025-11-18 06:02:59
357,Hayley Cherry,fusce.fermentum@aol.couk,1-972-628-5425,Quis Tristique Ac Ltd,2025-10-29 18:41:51
358,Barrett Moon,quisque.tincidunt@yahoo.ca,1-893-680-8686,Ut LLP,2025-09-12 02:25:59
359,Joel Conway,nullam.enim.sed@aol.net,1-476-215-4577,Ultrices Posuere Industries,2025-07-16 02:15:36
360,Whitney Alvarez,hendrerit@protonmail.org,1-222-531-8287,Suspendisse LLP,2025-10-12 20:36:28
361,Flynn Dickerson,ipsum@google.ca,(309) 464-5654,A Company,2024-10-06 04:13:54
362,Gavin Lambert,vulputate.ullamcorper@aol.org,1-832-137-8264,Nec Ante PC,2024-01-20 03:14:52
363,Shea Rowland,ac@hotmail.com,1-158-862-7905,Eu Tempor Associates,2025-01-29 03:56:31
364,Sawyer Finley,sed@yahoo.edu,(179) 547-9455,Sed LLP,2024-09-21 16:49:23
365,Edan Francis,a.nunc@protonmail.couk,1-534-910-2712,Donec Elementum Corp.,2025-07-16 12:29:01
366,Eve Whitaker,porttitor.interdum@protonmail.couk,(828) 447-1526,Sed Corp.,2025-09-05 22:17:44
367,Lacey Pratt,nisi@hotmail.net,1-415-806-8922,Consequat Corporation,2024-05-21 23:48:50
368,Summer Hooper,gravida.molestie@icloud.edu,(828) 581-0669,Ridiculus Mus Donec Corporation,2025-03-19 23:19:12
369,Addison Spence,dolor@protonmail.ca,(414) 167-4524,Accumsan Neque Ltd,2025-06-21 15:44:18
370,Gage Wise,mauris.molestie@yahoo.com,(905) 233-8377,Integer Vitae Nibh LLP,2025-08-31 20:15:45
371,Irene Young,mollis@outlook.com,(834) 396-2203,Vestibulum Corporation,2025-04-14 12:04:12
372,Belle Doyle,nisi.sem@hotmail.org,1-433-792-3475,Ornare Libero Inc.,2025-11-13 19:16:54
373,Hamish Patrick,metus.aliquam@protonmail.couk,(333) 856-3257,Tempor Bibendum Donec Corp.,2025-01-28 23:56:41
374,Beverly Johns,amet.lorem@google.net,(638) 489-2699,Quis Lectus Nullam Ltd,2025-06-02 13:12:16
375,Gemma Newman,tellus.non.magna@protonmail.edu,(817) 722-7182,Magnis Industries,2024-08-29 20:07:13
376,Clarke Coffey,risus.varius@icloud.couk,(668) 489-3605,Pede Et PC,2025-07-03 22:01:04
377,Kareem Michael,pede.ac.urna@protonmail.ca,(486) 271-3643,Magna Ut Tincidunt Institute,2025-03-03 23:46:50
378,Marshall Rich,penatibus.et.magnis@google.com,1-257-361-4113,Et Rutrum Eu Ltd,2024-11-24 19:09:53
379,Daryl Case,fringilla@protonmail.net,1-416-972-8713,Tempor Arcu Limited,2025-10-09 21:22:30
380,Aimee Garcia,aenean.gravida.nunc@hotmail.ca,(557) 661-6176,Neque Nullam Institute,2025-09-02 18:11:20
381,Kyla Bradshaw,rutrum.urna@protonmail.edu,1-786-446-2375,Nascetur LLC,2024-10-18 04:14:08
382,MacKenzie Snow,nascetur.ridiculus@google.edu,1-205-496-5613,Dolor Nonummy Incorporated,2025-06-24 20:29:51
383,Ezra Macias,diam.pellentesque@icloud.couk,(231) 857-6945,Molestie In Foundation,2025-05-30 20:22:02
384,Kieran Espinoza,dui@hotmail.net,(511) 147-3859,Vestibulum Incorporated,2024-08-08 06:43:20
385,Abra Horne,a.malesuada@protonmail.edu,(455) 666-3638,At Auctor Ltd,2024-07-01 13:19:29
386,Kevyn Calhoun,curabitur.vel.lectus@protonmail.org,(326) 385-1147,Fermentum Arcu Associates,2024-12-14 12:18:04
387,Geoffrey Camacho,et.rutrum.eu@yahoo.net,(522) 586-9215,Sit Amet Consectetuer PC,2024-04-07 20:29:33
388,Judah Camacho,libero@protonmail.net,(250) 556-4137,Fermentum Corp.,2025-11-04 16:12:23
389,Brynn Valencia,euismod.in@aol.com,1-594-842-7583,Pellentesque Tellus Foundation,2025-02-06 23:53:54
390,Vanna Sharp,velit@outlook.edu,1-557-269-0326,Cum Sociis Incorporated,2025-09-29 00:07:02
391,Vera Mccall,orci.lacus@outlook.org,(636) 240-3235,Vel Mauris Integer Ltd,2024-05-28 09:15:24
392,Vladimir Donovan,nec.tempus.mauris@google.net,1-501-241-0320,Lacus PC,2024-02-18 06:13:11
393,Isadora Richards,cras.dictum.ultricies@protonmail.couk,1-491-394-8420,Consectetuer Adipiscing Institute,2025-04-16 21:39:31
394,Clio Owen,aliquet.diam@icloud.org,(834) 418-7681,Sollicitudin A Incorporated,2024-06-02 15:35:04
395,Hoyt Bonner,non@yahoo.org,1-431-445-9543,Tempor Augue Limited,2025-05-21 17:26:57
396,Lydia Fitzgerald,arcu@outlook.edu,(109) 839-4368,Non Enim Commodo LLC,2025-10-20 12:31:54
397,Kennan Morrow,rutrum.lorem@outlook.net,(856) 497-3653,Lacus Varius Institute,2024-07-06 05:16:46
398,Medge Foreman,ac.mattis.ornare@outlook.net,1-127-468-3124,Non Feugiat Limited,2024-06-06 00:49:39
399,Jane Mullins,commodo.hendrerit.donec@outlook.com,1-382-483-8734,Ante Nunc Corp.,2025-08-07 05:56:37
400,Gail Snider,orci.in@google.ca,1-490-223-4042,Nisi Foundation,2025-04-16 07:56:56
401,Ciaran Ramos,pellentesque.eget@hotmail.com,(274) 187-9957,Gravida PC,2024-11-09 19:25:17
402,Madeson Garza,nec.mollis@hotmail.couk,(252) 377-1652,Etiam Gravida Molestie Limited,2024-03-17 08:37:25
403,Katell Heath,dis.parturient@hotmail.net,1-584-323-5538,Nulla Semper Corporation,2024-05-13 23:09:59
404,Kaseem Pope,urna.convallis@yahoo.edu,(386) 452-6214,Consequat Dolor Vitae Industries,2024-11-13 08:49:07
405,Raja Gay,in.dolor@hotmail.net,1-788-677-5327,Vivamus Consulting,2025-09-12 06:49:58
406,Idona Johnson,libero.est@protonmail.ca,1-445-624-0470,Mauris Non Dui Associates,2025-05-09 02:47:28
407,Shelly Adams,phasellus@yahoo.org,1-233-594-1545,Ligula Nullam PC,2025-10-23 05:40:54
408,Anthony Sellers,leo.elementum@icloud.ca,(744) 635-9801,Montes Incorporated,2025-12-06 19:13:16
409,Martena Lane,curabitur.sed@icloud.couk,1-652-234-9924,Luctus Ipsum Leo Inc.,2024-10-19 02:18:23
410,Zeph Johnson,metus@hotmail.org,1-215-312-8868,Ut Ltd,2024-11-17 11:56:16
411,Tad Bruce,ut@protonmail.com,1-577-694-5661,Lorem Corporation,2024-09-18 12:28:16
412,Ruth Farrell,lobortis.risus.in@google.com,1-486-346-6535,Lacinia Vitae Sodales Institute,2025-06-06 16:14:42
413,Nicole Cruz,amet.dapibus@aol.com,1-132-478-3717,A Enim Suspendisse Institute,2024-02-17 07:08:28
414,Rosalyn Tanner,aptent.taciti@hotmail.com,1-576-558-3134,Ac Tellus Suspendisse LLC,2024-10-20 12:00:43
415,Joel Moon,tortor.integer@icloud.edu,1-273-730-3750,Amet Diam LLP,2024-05-01 15:20:57
416,Cassady Lynn,ligula.consectetuer@icloud.ca,1-637-551-3662,Fermentum Vel Ltd,2025-02-28 08:57:49
417,Cameron Ferrell,sapien.cursus@outlook.ca,1-268-337-4534,Morbi Non Ltd,2025-06-25 06:04:56
418,Stephanie Glover,sociis.natoque@google.edu,1-504-410-4736,Duis Gravida Incorporated,2024-03-19 13:08:17
419,Marsden Morris,lorem.fringilla.ornare@aol.org,(463) 358-5653,Arcu Eu LLC,2024-12-26 23:20:40
420,Benedict Lancaster,dapibus.ligula@hotmail.couk,1-164-733-7905,Egestas Hendrerit Neque LLC,2025-11-26 22:52:44
421,Hunter Hanson,nibh@aol.edu,1-271-729-9151,Donec Tincidunt Donec Industries,2025-04-05 22:14:02
422,Cade Witt,sed@outlook.edu,1-210-731-5471,Rhoncus Proin Company,2025-10-08 08:10:58
423,Hyacinth Alford,vitae@aol.edu,(949) 463-9732,Iaculis Enim LLC,2025-01-04 11:24:59
424,Sopoline Albert,cras.vulputate.velit@hotmail.net,1-827-350-1165,Ante LLC,2024-04-03 04:38:03
425,Jonah Mcguire,cursus@google.org,1-738-587-1748,Libero Est LLC,2025-11-06 12:43:04
426,Hakeem Benjamin,risus.varius@outlook.couk,1-781-617-5307,Dignissim Tempor Company,2024-07-27 08:45:23
427,Latifah Bender,est@yahoo.net,1-103-673-6643,Urna Nunc Quis Incorporated,2024-01-09 08:35:58
428,Phillip Greene,ipsum@yahoo.edu,(643) 889-8301,Magna Duis Corp.,2025-02-22 03:45:52
429,Tamekah Wiley,ante@outlook.couk,(767) 635-4367,A Company,2024-09-30 16:47:17
430,Rosalyn Pratt,eu.dolor@yahoo.net,(549) 458-7122,Magna Limited,2024-02-15 18:28:29
431,Len Weaver,pellentesque.habitant@google.couk,(924) 567-1709,Egestas Foundation,2025-01-23 14:13:10
432,Rowan Luna,sit.amet.faucibus@protonmail.ca,(530) 725-5836,Dictum Cursus Nunc Ltd,2025-09-04 02:57:40
433,Eagan Hunt,fusce.mi.lorem@aol.net,(376) 656-1327,Dictum Proin Eget Limited,2024-05-10 20:55:40
434,Lani Aguilar,ligula@aol.org,(955) 594-5274,Dictum Ultricies Incorporated,2025-11-02 18:45:49
435,Tanya Reynolds,etiam@icloud.net,1-907-597-6435,Tellus Phasellus Elit Corporation,2025-04-13 13:47:00
436,Galvin Sutton,pellentesque.sed@yahoo.ca,(539) 522-7424,Eget Magna Suspendisse Incorporated,2025-03-05 02:53:12
437,Leila Roy,varius.et@outlook.org,1-388-574-8388,Egestas Ligula Nullam LLP,2024-06-11 16:21:16
438,Hayden Sears,rutrum.justo@aol.couk,1-748-254-1974,Blandit Viverra Inc.,2024-05-04 16:27:51
439,Jolie Wolf,blandit@icloud.org,1-476-463-3687,Ipsum Curabitur Industries,2025-10-03 21:08:16
440,Ian Tyler,eu@yahoo.net,1-457-694-8460,Ligula Aliquam Corporation,2025-09-18 11:32:37
441,Remedios Frost,eleifend.nunc@hotmail.org,(627) 328-8435,Dignissim Inc.,2025-02-18 23:31:04
442,Owen Holder,lobortis.risus@google.ca,(916) 125-7015,Mollis Nec Cursus Incorporated,2025-09-21 09:33:08
443,Beverly Best,aliquet@icloud.org,1-933-469-3482,Massa Corp.,2025-02-02 17:24:59
444,Keelie Wells,justo.praesent@icloud.org,(724) 707-5775,Ut Eros Corporation,2024-09-12 02:04:49
445,Zena Stanton,placerat.velit.quisque@icloud.net,1-470-260-6813,A Scelerisque Sed Inc.,2024-07-15 21:00:24
446,Lionel Landry,tempor@icloud.couk,(102) 354-1135,Sed Dictum LLP,2024-08-06 20:11:07
447,Amber Moreno,at.iaculis.quis@outlook.ca,(245) 467-7032,Lorem Eu Incorporated,2024-02-25 18:38:00
448,Alma Carney,vulputate.dui.nec@protonmail.com,(265) 174-3531,Purus Maecenas PC,2024-09-07 01:01:32
449,Cara Landry,a.nunc@outlook.ca,1-513-283-6423,Donec Corporation,2025-05-03 15:51:39
450,Kane Nixon,ac.mattis@outlook.org,(873) 687-9939,Suscipit LLC,2025-11-15 22:16:41
451,Kelly Hester,elit.a@outlook.com,(605) 910-3168,Dui Fusce Company,2025-01-24 05:19:46
452,Pamela Bernard,mauris.molestie@outlook.net,(514) 165-3843,Dignissim Tempor Arcu LLP,2024-01-27 01:44:17
453,Nadine Young,molestie@icloud.org,1-694-730-0113,Magna Nec Foundation,2024-08-12 07:14:53
454,Dawn Oneil,faucibus@hotmail.org,(993) 223-5734,Vel Venenatis Ltd,2025-08-31 21:30:16
455,Honorato Rowe,suspendisse@protonmail.ca,(520) 765-7535,Erat Semper LLC,2025-10-19 10:50:19
456,Patricia Villarreal,risus.donec@yahoo.edu,1-144-200-2991,Lectus PC,2024-02-18 07:08:56
457,Hayes Atkinson,adipiscing.non@icloud.com,1-538-755-4338,Mauris Quis Foundation,2025-05-01 18:44:35
458,Hasad Hansen,eu.dolor@protonmail.ca,1-466-726-6203,Mollis Associates,2024-07-25 00:35:33
459,Jordan Hensley,pede.malesuada.vel@icloud.edu,1-464-818-3386,Nec Enim PC,2024-07-14 07:49:25
460,Frances Shaffer,mus.aenean@yahoo.edu,(496) 735-2114,Nisl Elementum Purus Institute,2024-11-20 00:44:25
461,Ori Vasquez,donec.consectetuer.mauris@icloud.ca,(686) 247-7617,Tellus Company,2024-02-03 12:41:20
462,Melodie Stanley,purus@outlook.ca,(837) 175-5773,Gravida Sagittis Associates,2025-07-04 14:11:08
463,Brandon Pugh,pellentesque.ut@yahoo.com,(114) 829-1772,A Felis Ullamcorper Corporation,2025-07-13 22:28:31
464,Gay Rhodes,hendrerit@aol.couk,1-478-774-8813,Sociis Natoque Industries,2024-09-15 08:12:35
465,Eagan Stout,mus.donec.dignissim@icloud.edu,1-139-821-0292,Fusce Feugiat Lorem Associates,2024-03-30 04:40:36
466,Adam Moss,suspendisse@hotmail.couk,1-658-544-1451,Mauris Ipsum LLC,2024-07-30 05:28:37
467,Burke Carrillo,quisque.nonummy@icloud.couk,1-724-786-7722,Ac Risus Morbi Company,2024-10-07 05:19:19
468,Lesley Orr,sit.amet@google.org,1-689-745-6606,Dis Parturient LLP,2024-07-21 20:06:46
469,Jarrod Mathews,aenean.eget@google.org,1-410-265-5788,Diam Industries,2025-09-20 10:08:51
470,Ivory Leach,quisque.ac.libero@google.edu,(526) 143-2294,Tortor Incorporated,2025-09-29 23:30:25
471,Zeph Thompson,varius.orci.in@aol.org,(932) 768-7854,Phasellus In Inc.,2024-09-29 19:11:58
472,Oprah Skinner,tristique@hotmail.ca,(858) 535-9328,Ac Turpis Egestas Ltd,2024-11-22 22:23:07
473,Roth Travis,dictum.ultricies@protonmail.couk,(770) 313-5152,Morbi Limited,2024-06-19 18:55:42
474,Shaeleigh Blanchard,sit.amet.risus@icloud.org,1-689-715-7223,Parturient Industries,2024-03-01 09:49:16
475,Leila Sparks,fringilla.euismod@google.edu,1-258-765-6406,Ornare PC,2025-09-26 07:14:17
476,Denton Cooley,rhoncus@outlook.couk,1-277-498-8714,Enim Sed Industries,2025-03-02 16:23:14
477,Ramona Morse,dignissim.magna@protonmail.couk,(641) 431-1543,Vivamus Rhoncus Donec Consulting,2025-01-28 05:51:38
478,Martina Justice,neque.morbi@google.net,1-150-776-8229,Morbi Vehicula Inc.,2025-04-22 10:50:53
479,Sasha Cervantes,quam.dignissim@hotmail.org,(855) 934-9471,Sem Semper Inc.,2025-07-27 11:27:09
480,Yolanda Wiley,facilisis.lorem@outlook.net,(783) 720-3594,Dis Corporation,2024-10-14 16:06:59
481,Reece Patton,ultricies@icloud.edu,1-513-326-3871,Tempus Mauris Ltd,2024-07-13 13:37:14
482,Cally Beach,velit.egestas.lacinia@yahoo.net,1-731-590-2801,Justo LLC,2024-09-03 09:42:29
483,Garrison Edwards,sed.nunc@google.org,(474) 231-6658,A Corp.,2024-10-08 08:40:57
484,Darius Underwood,nec.orci@icloud.net,1-282-883-4445,Lectus Rutrum Urna Inc.,2024-01-28 17:20:56
485,India Newton,vestibulum.massa@outlook.edu,1-257-772-8655,Nulla Cras Incorporated,2024-11-19 14:33:15
486,Rhea Reyes,lacus@yahoo.org,(932) 182-9643,Ut PC,2025-03-15 07:00:38
487,Aquila Cruz,tellus.lorem@icloud.ca,(436) 133-2345,Ut LLP,2025-03-15 20:54:03
488,Tatiana Craft,adipiscing.elit@google.ca,1-127-718-5513,Sed Diam Company,2025-03-27 13:36:21
489,Graiden Vance,ultrices.posuere.cubilia@aol.edu,1-234-784-7851,Ornare PC,2025-03-08 21:38:12
490,Orli Page,ornare.sagittis@yahoo.org,1-154-503-7448,Nunc Ltd,2025-08-29 09:43:20
491,Jason Craig,sed.nulla@outlook.net,1-883-215-3383,Mollis Duis Sit LLC,2025-10-05 03:06:59
492,Kadeem Carlson,cursus@hotmail.net,(335) 128-8703,Lobortis Inc.,2024-03-05 20:23:28
493,Jayme Whitney,in@aol.net,1-413-663-3420,Nec Tempus LLP,2023-12-29 22:06:51
494,Caryn Valdez,arcu.curabitur.ut@aol.edu,1-327-612-8601,Mollis Dui In Consulting,2024-03-15 01:00:12
495,Kasper Noel,imperdiet@outlook.ca,1-539-834-4687,Gravida LLP,2025-11-19 23:29:39
496,Sylvia Knox,eu.tempor@yahoo.net,(166) 294-1173,Suscipit Ltd,2024-11-02 06:39:45
497,Cullen Mcbride,mattis.semper@google.ca,1-287-211-9760,Pretium Consulting,2025-11-06 23:05:37
498,Anne Hawkins,duis.mi@hotmail.org,1-310-818-3376,Suspendisse Ltd,2024-05-19 11:53:54
499,Chantale Kim,senectus.et.netus@yahoo.edu,1-426-781-8222,Lorem Ipsum Sodales LLP,2024-09-15 18:04:32
500,Maile Monroe,ipsum.porta.elit@protonmail.couk,1-854-655-5391,Euismod Ac PC,2025-10-14 01:10:26
