id,name,email,phone,company,created_at
1,Sacha Hinton,sit@icloud.net,1-967-127-4317,Lorem Eu Metus Corp.,2024-08-19 21:38:18
2,Louis Howe,tempor.bibendum.donec@yahoo.couk,1-806-745-1346,Nec Ante Blandit LLC,2024-09-25 12:47:58
3,Colton Blevins,scelerisque.neque@aol.org,(711) 876-8701,Eget Metus In Institute,2024-10-14 23:32:06
4,Ashton Marquez,et.netus.et@outlook.edu,(323) 357-9395,Donec Est Limited,2025-09-10 12:46:07
5,Gabriel Alexander,nec@hotmail.edu,1-777-836-7585,Adipiscing Elit Corporation,2023-12-20 23:57:05
6,Lunea Aguilar,duis.sit.amet@yahoo.com,(837) 522-2214,Dapibus Id Incorporated,2024-05-31 11:54:16
7,Reed Robertson,arcu.iaculis.enim@icloud.ca,1-843-156-1925,Cum Sociis Natoque Associates,2025-08-30 14:06:17
8,Thor O'brien,ac.facilisis@protonmail.couk,1-369-306-3486,Non Justo Proin Industries,2024-10-19 22:37:36
9,Morgan Wallace,feugiat.metus.sit@google.com,1-749-273-8295,Pede Corporation,2025-11-01 13:31:57
10,Regina Griffith,praesent.interdum@hotmail.edu,(879) 695-6507,Parturient Corporation,2024-05-27 06:09:17
11,Erasmus Holman,quisque.imperdiet@aol.ca,1-654-753-5732,Et Corp.,2024-12-02 17:16:22
12,Blaze Graham,egestas.aliquam@google.edu,(704) 418-4680,Accumsan Convallis Ltd,2025-10-02 20:11:07
13,Mara Gates,massa@outlook.ca,(363) 256-7364,Nec Mollis LLP,2024-09-29 07:24:18
14,Eagan Sandoval,risus.donec@aol.ca,(448) 482-0615,Ut Pellentesque Eget Incorporated,2024-11-26 06:03:34
15,Adrienne Barrett,risus.odio.auctor@aol.couk,(683) 772-8853,Amet Luctus Associates,2025-09-01 13:37:39
16,Stuart Carey,morbi.tristique@protonmail.org,(248) 696-2144,Metus In Lorem Inc.,2024-07-02 06:48:07
17,Rana Dean,natoque.penatibus@protonmail.com,(616) 174-3867,Lacinia Corporation,2025-09-12 08:50:10
18,Alice Hinton,diam.lorem.auctor@icloud.net,1-835-135-3671,Et Netus Et Ltd,2024-12-09 03:02:53
19,Jameson Conrad,amet.consectetuer@google.couk,(776) 740-2463,Sem Vitae Associates,2025-10-27 21:40:33
20,Fulton Vargas,magna@aol.org,1-438-816-5011,Eget Metus In Ltd,2024-12-06 07:46:41
21,Chantale Moore,feugiat.tellus.lorem@icloud.org,(444) 384-1435,Magna Phasellus Institute,2024-06-06 17:39:26
22,Tarik Bond,nullam@protonmail.ca,(227) 183-8654,In Corp.,2024-08-05 14:15:15
23,Malcolm Hawkins,arcu@icloud.net,(133) 315-7934,Tortor Nibh Sit Incorporated,2024-08-03 02:13:07
24,Guinevere Farmer,orci.lacus@aol.ca,(728) 664-3174,Netus Et LLP,2025-05-03 09:54:27
25,Chaney Kelly,eros.turpis.non@yahoo.edu,(499) 764-1179,Dolor LLP,2025-10-03 13:32:27
26,Reagan Moreno,luctus.lobortis@aol.couk,1-836-592-4930,Tempus Eu Corporation,2024-02-04 22:21:09
27,Tyrone Pitts,eu.sem@aol.org,(647) 295-3614,At Corporation,2025-08-18 15:50:45
28,Devin Russo,in.at@aol.com,1-213-541-7334,Etiam Incorporated,2023-12-26 15:01:23
29,Emery Jacobs,fusce.dolor@protonmail.ca,(462) 414-2141,Cum Sociis Inc.,2025-06-07 16:17:52
30,Thaddeus Mccray,phasellus.ornare.fusce@protonmail.ca,1-373-481-3646,Nulla Cras Eu PC,2025-06-08 07:14:09
31,Armando Burgess,at.iaculis.quis@hotmail.ca,(855) 328-6516,Porttitor Eros Institute,2025-11-14 16:25:14
32,Ezekiel Adkins,dui.nec.tempus@outlook.edu,1-388-636-3562,Aliquam Foundation,2025-01-10 08:45:58
33,Henry Chavez,mauris.aliquam@icloud.com,(578) 241-2685,Integer Mollis Foundation,2024-08-21 22:18:05
34,Zelda Franklin,neque.sed@aol.net,1-273-492-7159,Ultrices Limited,2024-08-23 05:09:02
35,Wylie Russo,nisi@aol.com,(921) 346-5592,Nec Quam Consulting,2024-02-01 10:09:07
36,Lunea Joyce,pede.nonummy.ut@icloud.edu,1-232-208-7702,Nisl Nulla Institute,2024-01-07 20:26:47
37,Erica Henderson,dui.lectus.rutrum@outlook.org,(695) 316-2252,Aenean Egestas Corp.,2025-02-11 07:01:04
38,Hadley Bishop,feugiat.placerat@outlook.couk,1-312-388-8641,Praesent Foundation,2024-03-28 23:26:06
39,Ulric Stafford,arcu.sed.et@protonmail.org,(118) 365-9758,Magna Inc.,2024-05-04 12:36:39
40,Clare O'Neill,felis@outlook.edu,(353) 257-1731,Tristique Ac PC,2024-09-15 15:09:27
41,Boris Walter,scelerisque@outlook.edu,1-371-520-4553,Vel Mauris Integer LLP,2025-06-11 22:41:06
42,Nayda Frazier,tempus@icloud.ca,(324) 630-0680,Donec Egestas Aliquam Consulting,2024-03-04 01:45:24
43,Oprah Ford,a.dui@yahoo.couk,1-568-761-4525,Id Institute,2025-07-29 11:36:12
44,Adena Warren,hendrerit@google.ca,(634) 696-2052,Elit Erat LLP,2025-05-12 20:20:23
45,Mara Richardson,placerat.cras.dictum@outlook.edu,1-772-846-4181,Ante Institute,2024-07-06 04:23:35
46,Sybil Baker,posuere.at.velit@yahoo.couk,(563) 428-0675,Amet Lorem Semper Foundation,2025-08-25 12:39:26
47,David Coffey,nunc@protonmail.org,1-339-458-4281,Duis At Industries,2024-01-27 17:17:16
48,Zia Sloan,et.magnis.dis@aol.org,1-364-892-3365,Fringilla Industries,2025-03-08 07:22:14
49,Lucian Adkins,pellentesque@google.org,1-141-518-2585,Hendrerit A Ltd,2025-10-24 15:15:38
50,Nathan Mclean,elit.pretium@icloud.net,(661) 225-2841,Convallis In Foundation,2025-11-02 18:56:10
51,Catherine Lloyd,ipsum@hotmail.com,1-186-991-7145,Vulputate Institute,2025-11-26 08:25:57
52,Rebecca Stein,nibh.lacinia.orci@outlook.net,(774) 140-6568,Convallis Corporation,2025-01-19 20:57:18
53,Xyla O'Neill,mi.enim@outlook.couk,(535) 581-4206,A Nunc In LLP,2024-04-24 09:50:38
54,Blythe Rowe,fermentum.vel.mauris@outlook.net,(841) 773-4665,Et Foundation,2024-08-07 13:10:59
55,Giacomo Aguirre,sociis.natoque@aol.ca,1-814-574-6183,Donec Egestas Limited,2024-12-23 13:02:40
56,Callie Harrington,lectus.ante.dictum@aol.ca,1-466-724-8275,Sed Est Nunc Institute,2024-01-19 09:35:49
57,Shea Dejesus,vehicula@aol.couk,(459) 664-1367,Id Blandit At Limited,2024-08-10 15:20:09
58,Kane Fuentes,ac@hotmail.couk,(727) 600-7026,Nec Ligula Consectetuer Ltd,2025-10-30 10:48:07
59,Brian Barrett,pretium@aol.net,(347) 868-8675,Interdum Incorporated,2024-07-10 18:23:32
60,Ciara England,in@icloud.net,1-488-823-6733,Aliquam Adipiscing Lacus Corporation,2024-09-09 08:45:55
61,Brynn Maldonado,morbi@protonmail.net,(825) 528-6378,Pellentesque Habitant LLC,2024-10-19 09:37:42
62,Allegra Suarez,augue.eu@google.ca,1-237-862-9491,Posuere Enim Nisl Limited,2024-07-03 09:32:15
63,Barclay Malone,et.eros@hotmail.org,(945) 259-2152,Facilisis Facilisis LLC,2025-10-22 02:00:15
64,Beck Boyer,nunc.quisque@google.couk,1-941-534-5885,Sodales Nisi LLC,2023-12-23 02:07:12
65,Imani Lowery,non.sapien@aol.org,1-683-263-7218,Pellentesque A Facilisis Institute,2023-12-29 18:50:43
66,David Armstrong,lorem.ac@aol.edu,1-819-572-5545,Gravida Inc.,2024-12-27 04:22:24
67,Isabelle Elliott,consequat@outlook.com,(519) 841-8971,Sit Amet Ltd,2024-01-08 19:35:41
68,Christian Woods,quam.pellentesque@aol.net,(441) 465-8353,Nonummy Ut Corp.,2024-12-14 02:09:00
69,Blossom O'Neill,quam.vel@icloud.couk,1-252-224-8738,Quis Pede Suspendisse Consulting,2024-02-17 01:31:53
70,Hayden Rodriquez,non.cursus.non@yahoo.edu,1-961-429-4685,Ligula Nullam Feugiat Industries,2024-04-26 02:14:18
71,Francis Ingram,odio.auctor@google.edu,(846) 683-4406,Nulla Dignissim Maecenas LLC,2024-07-03 16:33:08
72,Clare Edwards,donec.fringilla@aol.net,1-954-501-7549,Tortor Corporation,2025-01-19 09:09:07
73,Basia Roberson,adipiscing.non.luctus@protonmail.couk,(151) 634-7544,Feugiat Limited,2025-08-09 03:36:08
74,Stephen Sweet,amet.consectetuer@icloud.com,1-634-825-4482,Iaculis Odio Nam LLP,2025-08-05 23:16:23
75,Yardley Macdonald,urna.suscipit.nonummy@hotmail.com,1-675-558-5734,Integer Mollis PC,2024-10-09 07:13:55
76,Keith Lamb,tincidunt.donec@aol.net,1-529-759-4775,Blandit Congue Corp.,2025-03-29 23:39:44
77,Whoopi Bass,sed.turpis@icloud.com,(898) 608-0057,Quis Massa Mauris Company,2025-07-04 15:40:54
78,Sharon Stout,felis@yahoo.edu,1-202-644-1733,Quisque Purus Sapien Institute,2024-01-28 12:54:27
79,Ahmed Chen,interdum.ligula@hotmail.couk,(144) 552-9645,Maecenas Incorporated,2025-08-25 06:14:33
80,Zeus Douglas,sodales.purus@yahoo.ca,1-853-336-7682,Nulla Facilisis Inc.,2025-09-13 18:55:16
81,Dalton Dillon,fringilla.porttitor@protonmail.org,1-463-880-2384,Curabitur Dictum Phasellus Industries,2024-06-29 07:22:16
82,Sebastian Sandoval,nisl.nulla@aol.ca,1-857-440-1770,Malesuada Ltd,2024-07-01 18:49:35
83,Bianca Murray,nulla.integer.vulputate@yahoo.org,(808) 231-1845,Proin Mi Industries,2024-10-06 22:45:58
84,Rachel Cooley,mauris.integer@yahoo.edu,(132) 225-8513,Bibendum Sed LLP,2024-03-02 23:55:36
85,Rhoda Chase,feugiat@outlook.couk,(454) 195-6547,Enim Mauris PC,2025-03-31 10:03:10
86,John Hunter,nec.ante@yahoo.ca,(887) 843-9768,Lacus Aliquam LLC,2024-10-19 19:03:48
87,Burton Harmon,sodales@hotmail.net,1-678-325-7172,Facilisis LLP,2025-03-30 09:06:20
88,Quon Wise,montes@aol.com,1-886-212-5407,Cras Eu Company,2024-08-04 03:43:19
89,Jerry Carter,donec.egestas@icloud.ca,1-440-152-4463,Mauris Integer Limited,2024-12-24 10:09:45
90,Dai Eaton,eget.odio@aol.ca,1-210-245-8349,Sed PC,2025-07-22 12:29:29
91,Deacon Duncan,diam@google.net,1-617-543-7918,Quam Pellentesque Limited,2024-05-28 19:43:28
92,Jaden Le,lectus.a.sollicitudin@yahoo.com,(211) 502-9720,Sed Dolor Associates,2025-12-08 09:41:29
93,Liberty Potter,ut.nec@aol.ca,(497) 979-6893,Sapien Foundation,2024-01-20 14:14:11
94,Jermaine Mckay,orci.ut.sagittis@yahoo.net,1-740-862-2114,Scelerisque Lorem Ipsum LLC,2024-05-09 16:55:21
95,Chantale Ryan,egestas.a.dui@yahoo.edu,(737) 885-8227,Augue Ltd,2024-11-20 03:08:12
96,Buffy Little,curabitur.egestas@google.ca,(743) 882-1580,Nullam Lobortis Quam LLP,2024-10-27 13:48:07
97,Gary Christian,ut.pharetra.sed@protonmail.couk,(223) 923-4687,Mus Donec Dignissim Inc.,2025-01-01 14:48:11
98,Keane Sweet,nec.euismod@outlook.ca,1-612-214-7821,Rutrum Non Company,2024-06-14 11:45:55
99,Sylvia Robinson,sem.mollis@protonmail.net,(377) 354-5599,Purus Gravida Institute,2025-06-01 23:50:08
100,Adrienne Kerr,lorem.eu@google.edu,(488) 932-8644,Placerat Augue Corp.,2024-11-19 19:56:34
101,Salvador Stanley,ligula@yahoo.edu,1-821-424-3817,Eu Turpis Nulla LLC,2024-06-28 01:27:43
102,Vance Luna,tempus.eu@outlook.edu,1-560-782-5689,Adipiscing Elit Associates,2025-04-27 15:53:05
103,Willa Thomas,nibh@icloud.edu,(444) 802-6404,Congue LLP,2025-02-14 12:18:35
104,Dalton Shepherd,gravida.sagittis@hotmail.ca,1-888-673-9075,Nam Ligula Corporation,2024-12-19 00:53:42
105,Rae Sutton,enim@protonmail.couk,(434) 215-4151,Cursus LLC,2025-01-17 19:41:47
106,Dara House,dictum@icloud.net,1-104-822-7387,Interdum Enim Non Institute,2025-01-08 19:03:05
107,Latifah Carrillo,libero.morbi@aol.org,(877) 712-5463,Vulputate Posuere Company,2024-05-23 14:17:53
108,Maia Burch,vitae.diam@yahoo.org,(863) 231-1314,Turpis Corporation,2024-06-10 22:03:17
109,Justin Cantu,dapibus@protonmail.edu,1-330-947-0861,Dapibus Ltd,2024-11-04 13:13:06
110,Hu Ochoa,montes.nascetur@outlook.couk,1-292-571-8687,Quis Pede Institute,2025-03-07 20:58:01
111,Roanna Morales,vel.mauris@protonmail.net,(567) 473-7225,Rhoncus Proin Nisl Ltd,2024-01-24 14:40:40
112,Colby Francis,aliquam.gravida@outlook.couk,(791) 495-1435,Metus In Nec Corporation,2025-08-09 14:22:09
113,Alden Fulton,dis.parturient@protonmail.net,(965) 816-2723,Est Incorporated,2024-02-04 07:24:52
114,Sybill Callahan,quis.massa@hotmail.net,(538) 297-1627,Enim Commodo Foundation,2024-03-19 00:31:55
115,Ginger Powell,tellus.phasellus.elit@icloud.ca,(978) 473-4153,Nulla Eget Inc.,2025-03-08 11:31:37
116,Chaney Stevens,at@icloud.couk,1-660-813-0258,Arcu Sed Incorporated,2025-04-24 06:34:57
117,Quentin Hunt,eleifend.vitae@aol.net,1-536-641-7834,Non Leo Limited,2025-10-29 03:29:30
118,Andrew Stanley,hymenaeos@protonmail.net,(636) 609-4377,Vitae Aliquam Eros LLC,2024-03-10 22:27:37
119,Axel Adkins,pretium.et@yahoo.edu,(644) 278-2997,Scelerisque Lorem LLC,2024-06-29 06:44:08
120,Blake Spencer,imperdiet.erat.nonummy@protonmail.couk,1-559-230-6760,Amet Luctus Associates,2024-01-19 18:28:56
121,Justina Hull,sit.amet.ultricies@yahoo.org,1-440-311-0338,Eleifend Cras LLP,2024-07-12 09:12:39
122,Tatiana Madden,vestibulum@hotmail.edu,(853) 362-9044,Convallis Erat LLP,2025-04-24 19:22:01
123,Sawyer Craft,vehicula.risus@aol.edu,(832) 323-8658,Mauris Ut PC,2025-04-14 07:15:32
124,Sasha Sweeney,ipsum.dolor.sit@google.edu,(282) 151-6288,Cras Dolor Ltd,2024-10-05 20:01:46
125,Angela Holden,adipiscing.mauris@protonmail.ca,(754) 459-9466,Conubia Nostra Corp.,2025-01-20 21:31:13
126,Mona Shields,leo.elementum@outlook.org,1-432-578-2297,Elit Associates,2024-07-19 05:08:58
127,Aurora Swanson,venenatis.vel.faucibus@aol.com,(450) 745-3336,Dui Nec Tempus Limited,2024-12-07 11:47:39
128,Pascale Gates,egestas@google.edu,1-775-838-4320,Cum Sociis LLC,2024-03-12 05:13:29
129,Noah Norton,pellentesque.eget@aol.org,1-701-342-8739,Enim Mi Tempor Company,2025-08-18 02:57:27
130,Celeste Finley,proin@hotmail.org,(396) 766-0657,Bibendum Donec Ltd,2024-02-15 22:05:01
131,Theodore Fry,neque@hotmail.org,1-235-173-3655,Aenean Massa Integer Associates,2025-05-06 18:26:20
132,Kristen Fitzgerald,pharetra.sed@outlook.couk,(888) 765-8081,Mus Proin Vel PC,2024-12-27 21:49:13
133,Athena Haley,nunc.ullamcorper@icloud.edu,(543) 517-4672,Nonummy Ipsum Industries,2025-11-12 18:32:04
134,Byron Wong,nulla.dignissim@aol.net,(299) 384-3754,Ut Industries,2024-04-28 19:14:18
135,Callie Armstrong,nec.ligula@outlook.couk,(834) 563-9521,Sit Amet Foundation,2024-05-01 18:37:40
136,Merrill Harris,tellus.sem@hotmail.com,1-381-984-4531,Ornare Elit Associates,2025-02-27 18:10:22
137,Emi Peters,auctor.velit@aol.edu,1-688-246-7505,Quis Pede Foundation,2025-01-30 11:44:47
138,Jeanette Rosales,purus.gravida@hotmail.ca,(700) 731-6220,Non Cursus Limited,2024-05-24 19:58:00
139,Martina Bean,penatibus.et.magnis@google.org,1-623-685-8593,Amet Dapibus Id Company,2024-10-16 21:13:15
140,MacKenzie Kelly,suscipit.est@aol.ca,(283) 456-4757,Laoreet Ipsum Curabitur Limited,2025-09-05 18:52:42
141,Zahir Lambert,adipiscing@yahoo.edu,(271) 217-8457,Cursus Non PC,2025-02-05 22:27:37
142,Debra Garner,amet.consectetuer@protonmail.ca,(435) 971-1474,At Pretium Aliquet Company,2025-10-03 13:15:58
143,Owen William,convallis.erat@yahoo.couk,(341) 525-0216,Orci Consectetuer Euismod Industries,2024-10-06 06:18:52
144,Stephen Snider,risus.varius@icloud.com,(554) 961-1221,Ornare Fusce Associates,2024-03-30 22:43:33
145,Jack Potts,nunc.sed.libero@hotmail.couk,1-231-316-5825,Et Ltd,2025-02-03 10:09:59
146,Sierra Luna,fusce@google.couk,(315) 671-8823,Lacus Incorporated,2025-01-28 08:35:26
147,Uma Albert,egestas.sed.pharetra@icloud.edu,1-281-936-6816,Proin Associates,2024-08-22 05:18:59
148,Rylee Sampson,eget@aol.net,(548) 485-1853,Fames Ac Turpis Foundation,2024-05-27 23:44:31
149,Lee Morse,eget.ipsum.donec@aol.edu,(237) 565-6787,Molestie Inc.,2025-07-21 20:40:31
150,Tanya Scott,ligula.nullam@outlook.org,(447) 781-5605,Convallis In Cursus Inc.,2025-09-06 18:38:55
151,Hilel Gregory,mauris.eu@outlook.org,1-287-823-4362,Quisque Ac Associates,2024-11-05 11:38:17
152,Baxter Byrd,lacus.vestibulum@yahoo.couk,(712) 320-7649,Bibendum Donec Company,2024-10-04 00:09:47
153,Roanna George,facilisis@google.ca,(841) 423-2455,Vitae Associates,2025-04-30 01:32:35
154,Hunter Lawrence,aenean.massa@outlook.edu,(381) 911-8616,Nunc Nulla Foundation,2025-01-24 20:06:00
155,Winifred Wheeler,sed.pede@aol.edu,1-238-849-3586,Blandit Enim Consequat LLC,2024-02-14 02:51:12
156,Ruby Fuller,egestas@google.edu,1-658-882-1324,Elit A LLC,2024-03-14 15:06:28
157,Deanna Mendez,nulla.integer@hotmail.net,(782) 661-8692,Felis Associates,2025-02-15 09:51:29
158,Martena Ray,egestas.hendrerit@google.org,(126) 614-1807,Tempus Risus LLC,2025-11-19 22:10:16
159,Bree Glover,imperdiet.erat@protonmail.couk,1-671-639-3356,Non Lacinia LLP,2024-12-19 08:51:20
160,Karina Vinson,luctus.aliquet.odio@protonmail.ca,1-655-611-2567,Magna Institute,2025-11-11 09:04:33
161,Samuel Sargent,ante.lectus@aol.edu,1-388-465-2568,Eu Odio Tristique Institute,2024-08-31 05:33:03
162,Sierra Buckley,sem.eget@yahoo.org,1-583-427-6693,Nulla Company,2024-06-17 18:58:10
163,Shea Gray,non.hendrerit@icloud.com,1-883-889-5056,Vitae Purus Associates,2024-01-08 20:13:39
164,Ashton Nichols,eu.tempor@protonmail.org,(381) 547-6657,Adipiscing Incorporated,2024-05-09 01:58:14
165,Shellie Landry,duis.elementum@google.couk,1-478-836-6883,At Egestas A Industries,2024-01-10 13:12:24
166,Deborah Kent,neque@icloud.edu,(783) 535-1365,Vel Faucibus Id Ltd,2023-12-25 18:31:34
167,Brynne Bryant,mi.duis@protonmail.edu,(288) 843-1350,Pellentesque Institute,2024-07-16 18:58:34
168,Haviva Macias,integer.vitae.nibh@hotmail.ca,1-367-866-2860,Fusce Feugiat Corporation,2024-03-21 15:45:45
169,Lacey Schmidt,nam.nulla@protonmail.net,(518) 795-9518,Augue Associates,2025-02-10 18:57:42
170,Kylee Hines,pede@protonmail.ca,(569) 352-9408,Lectus Nullam Industries,2024-11-08 03:38:10
171,Christian Welch,nulla.ante@aol.ca,(302) 617-4298,Dapibus Id Blandit Associates,2023-12-19 19:23:22
172,Blake Rollins,habitant@protonmail.net,(730) 243-7869,Donec Institute,2025-09-29 06:10:19
173,Tasha Owens,scelerisque.lorem@aol.org,(779) 515-1495,Ipsum Suspendisse Corp.,2024-06-01 01:16:44
174,Colette Petersen,integer.vitae@aol.edu,1-804-545-7559,Mi Industries,2024-10-06 22:55:25
175,Vera Stark,orci@outlook.org,1-671-446-2362,At Arcu Ltd,2025-01-30 11:06:05
176,Aiko Wallace,aenean.massa.integer@yahoo.couk,(130) 528-1777,Sit Corporation,2024-07-08 03:58:32
177,Nigel Barr,orci.adipiscing.non@outlook.org,(144) 772-7487,Suspendisse Incorporated,2025-11-21 17:49:22
178,Daryl Workman,risus.in.mi@yahoo.com,(441) 744-9519,Vestibulum Lorem Sit Associates,2024-07-30 06:39:45
179,Zephr Puckett,lacus.pede@google.edu,(761) 282-8419,Urna Et PC,2025-11-12 15:42:30
180,Kai Calderon,penatibus@aol.couk,(777) 368-1553,Urna Suscipit Nonummy Consulting,2025-05-16 07:40:08
181,Ciara Villarreal,arcu.vestibulum@hotmail.couk,(866) 856-6213,Vel Turpis Corp.,2025-11-06 14:18:36
182,Nathaniel Fitzgerald,ipsum.nunc@outlook.edu,1-477-351-6744,Malesuada Id Institute,2025-04-17 07:28:36
183,Macy Peck,fusce.diam@aol.ca,(385) 227-2345,In Faucibus Institute,2024-12-23 16:39:45
184,Craig Mcknight,donec.tincidunt@aol.ca,1-674-761-5308,Malesuada PC,2025-06-03 18:30:54
185,Erich Higgins,elit.etiam@hotmail.couk,1-708-285-2217,Imperdiet Industries,2025-06-25 04:35:32
186,Kai Dixon,in@google.edu,1-795-245-8077,Nonummy Fusce Incorporated,2024-01-18 14:22:26
187,Gavin Mathis,pede.ultrices@icloud.ca,1-957-502-5452,Erat In Incorporated,2025-12-04 23:36:14
188,Malik Griffith,primis.in.faucibus@protonmail.net,(216) 260-1260,Proin Non Massa Company,2024-02-24 23:13:22
189,Kelsey Petersen,vel.venenatis.vel@google.couk,(367) 959-2475,Tincidunt Dui Institute,2024-05-19 08:38:02
190,Branden Maddox,congue.elit@protonmail.org,1-276-774-8699,Ligula Aenean PC,2025-12-01 20:54:16
191,Ina Snyder,lectus@aol.edu,(430) 415-0261,Rutrum Eu Institute,2025-03-11 13:56:27
192,Alan Huber,ipsum.non@google.org,1-647-770-2266,Metus Aenean LLP,2024-10-11 08:53:52
193,Gregory Nolan,quis.pede@outlook.com,(343) 210-0453,Donec Industries,2024-04-15 08:23:12
194,Garrett David,sed.auctor@yahoo.ca,1-993-672-4641,Dis Parturient Incorporated,2025-01-06 01:44:42
195,Giacomo Matthews,fringilla.est@hotmail.org,1-615-242-8024,Ut Tincidunt Vehicula PC,2024-07-04 19:16:07
196,Bradley Lopez,eu.neque@hotmail.com,1-184-941-5582,Id Nunc Ltd,2024-09-05 16:43:22
197,Mari Roy,porttitor.scelerisque.neque@outlook.net,1-910-318-7835,Dui Nec Urna Associates,2024-01-09 14:13:57
198,Zorita Farley,aenean.eget.magna@google.org,1-743-857-2258,Auctor Institute,2024-09-09 01:20:06
199,Moses Baker,nam.consequat@aol.edu,1-177-675-8485,Elit Elit Institute,2025-07-23 04:25:07
200,Violet House,tincidunt.tempus@hotmail.ca,1-725-752-8085,Orci Luctus Associates,2024-09-08 23:15:12
201,Grady Richmond,convallis.ligula.donec@protonmail.edu,(135) 553-1738,Tellus Justo LLP,2025-06-03 01:10:13
202,Geraldine Knapp,urna@icloud.ca,(105) 258-6887,Praesent Eu Dui Corp.,2024-07-24 08:21:23
203,Clio Becker,vitae.sodales.nisi@outlook.net,1-802-563-2247,Et Netus LLC,2024-08-11 12:28:31
204,Dillon Mcdonald,scelerisque.mollis.phasellus@icloud.net,(837) 313-4267,Libero Donec Inc.,2025-10-18 10:41:25
205,Joseph Daugherty,eget.metus@yahoo.com,1-886-748-1287,Egestas LLP,2025-06-13 08:31:03
206,Amir Rogers,erat@aol.couk,(338) 721-1766,Libero Mauris Foundation,2025-08-06 06:36:38
207,Cruz Tate,nulla@hotmail.net,1-356-392-4487,Gravida Sagittis Associates,2024-05-20 15:57:27
208,Aretha Blair,pellentesque.sed.dictum@protonmail.edu,(786) 887-1905,Donec Tempor Est Corp.,2025-08-24 07:32:27
209,Kaseem Alford,facilisis.facilisis@icloud.com,1-478-378-4103,Justo Eu Limited,2024-10-30 14:15:41
210,Alea Cannon,vitae.risus@icloud.net,1-483-955-0567,Elit Elit Institute,2024-11-14 10:34:38
211,Cherokee Oneil,luctus.vulputate.nisi@google.org,1-393-236-4443,Convallis Convallis Dolor Corporation,2024-11-22 09:18:24
212,Alvin Sellers,arcu.sed@outlook.com,1-658-518-2477,In Tempus Foundation,2025-10-02 15:14:53
213,Whitney Stein,sem.molestie@google.org,(379) 748-3129,Dolor Dolor LLP,2024-01-03 00:56:49
214,John Potts,sit.amet@hotmail.couk,(457) 903-5558,Faucibus Id Institute,2024-07-10 03:34:34
215,Clio Estes,justo.sit@outlook.net,(666) 235-2463,Risus In Mi Corp.,2024-08-25 17:22:40
216,Quinn Tate,amet.consectetuer@protonmail.couk,(454) 465-7620,Suspendisse Dui Corporation,2023-12-29 11:17:29
217,Ori Small,donec.nibh@yahoo.ca,(337) 746-5573,Magnis Dis Parturient Foundation,2025-04-08 16:15:43
218,Ramona Giles,nam.interdum@icloud.org,(168) 372-9573,Cras Dictum Associates,2024-06-22 21:45:14
219,Gray Willis,eget@aol.ca,(263) 708-8164,Justo Nec PC,2024-02-08 08:57:37
220,Raven Torres,fusce.aliquet@aol.com,1-671-646-4118,Lorem Lorem Corporation,2024-05-21 00:37:22
221,Moses Calderon,risus.donec@hotmail.net,1-383-692-3545,Sit Amet Institute,2024-11-01 01:15:39
222,Deanna Padilla,purus.maecenas@hotmail.couk,(612) 422-2877,Fusce Mollis Duis PC,2025-02-07 17:01:11
223,Dolan Murray,ut@yahoo.org,(550) 826-1736,Eu Placerat Institute,2024-01-29 07:41:14
224,TaShya Valentine,ipsum.porta.elit@icloud.net,1-940-326-2077,A Magna Lorem Foundation,2024-04-04 18:50:35
225,Shafira Bailey,vivamus@google.net,(765) 547-1257,Orci Luctus Et Inc.,2024-09-27 19:46:51
226,Brenden Morris,erat@protonmail.com,(885) 612-4811,Neque Associates,2024-06-22 19:31:21
227,Abbot Medina,erat.sed@hotmail.edu,1-351-643-2233,Urna Vivamus Inc.,2025-05-17 18:51:13
228,Violet Glenn,nec.orci@outlook.org,(214) 124-1644,Ipsum Primis In LLP,2025-08-26 11:14:55
229,Brianna Allison,aliquam@aol.couk,1-554-716-4731,Lacinia Vitae LLP,2025-11-21 00:12:05
230,Camden Horn,malesuada@icloud.com,(571) 524-8295,Lorem Ac Associates,2025-06-06 12:32:50
231,Harding Ryan,ut.quam.vel@icloud.com,1-325-731-8648,Luctus Incorporated,2024-12-03 00:42:47
232,Rebekah Sweeney,leo.cras@icloud.couk,1-236-394-4484,Commodo Tincidunt Nibh Limited,2025-03-31 12:45:22
233,Shay Mejia,donec@protonmail.edu,(755) 966-5100,Natoque Penatibus Et LLP,2023-12-30 05:04:57
234,Julian Whitney,pellentesque.tincidunt@icloud.edu,(898) 487-9867,Dignissim LLC,2025-04-10 23:16:06
235,Kiona Joseph,gravida.molestie@outlook.ca,1-756-536-1642,Et Magnis Dis Incorporated,2023-12-20 03:44:54
236,Wylie Salas,penatibus.et@google.couk,1-929-673-6246,Pellentesque Incorporated,2024-01-16 08:10:39
237,Nerea Watkins,ac@aol.couk,1-376-641-7371,Non Lacinia At PC,2024-04-25 00:10:41
238,Baxter Riley,erat@hotmail.edu,(216) 779-2742,Eget Metus In Corporation,2025-05-21 08:05:58
239,Ivan Bowman,enim.mauris.quis@protonmail.net,(847) 284-6126,Mollis Vitae LLC,2024-06-24 22:39:10
240,Mary Sheppard,nibh.sit@protonmail.net,1-613-224-0476,Egestas Rhoncus Proin Limited,2025-07-09 11:21:28
241,Yardley Farmer,nunc.sollicitudin.commodo@yahoo.org,1-737-569-5483,Elementum Dui Inc.,2024-08-06 13:10:17
242,Bert Chan,nisl.elementum.purus@outlook.org,(845) 434-8682,In Ornare LLC,2024-11-06 06:52:49
243,Kevyn Mccray,nisl@icloud.edu,(317) 613-1655,Sit Corp.,2025-01-14 01:08:26
244,Zane Fuller,et@aol.net,1-225-843-5682,Taciti Sociosqu Foundation,2024-01-14 16:27:52
245,Nash Parker,iaculis.quis.pede@yahoo.net,(588) 225-2458,Imperdiet Ullamcorper Limited,2024-07-06 21:44:03
246,Pandora Vaughn,class.aptent@aol.net,(717) 638-4843,Donec Non Justo Associates,2024-04-23 15:43:20
247,Yuli Pitts,eget.ipsum@protonmail.couk,(363) 435-2130,Augue Porttitor Limited,2025-01-12 23:09:34
248,Beck Guy,a.neque.nullam@google.edu,1-621-488-0662,Non Lorem Limited,2025-06-18 10:09:13
249,Oleg Griffith,velit.in.aliquet@google.net,1-279-737-6073,Tortor Inc.,2024-07-26 20:09:31
250,Oscar Solomon,ornare.fusce@yahoo.net,1-657-722-5321,Magnis Dis Parturient LLP,2024-01-17 14:38:41
251,Logan Humphrey,natoque.penatibus@icloud.couk,(760) 703-2457,Aliquet Libero Foundation,2024-12-31 12:35:39
252,Buckminster Sweet,massa@yahoo.com,(652) 852-9491,Eget Tincidunt Inc.,2025-03-19 18:55:40
253,Chester Pearson,erat.vitae@aol.com,1-338-461-1224,Metus Vitae Institute,2025-04-11 13:07:15
254,Pearl Calhoun,velit.aliquam.nisl@google.org,1-274-828-4662,Tristique Senectus Industries,2025-03-12 00:56:16
255,Hadassah Fisher,donec@icloud.org,(524) 841-4936,In Aliquet Corp.,2024-03-07 10:12:21
256,Dustin Mejia,scelerisque.sed@outlook.ca,(896) 462-2866,Malesuada Integer LLP,2024-08-08 12:52:43
257,Abbot Petty,dapibus.quam@icloud.net,1-241-875-3211,Imperdiet Associates,2025-04-08 02:58:48
258,Blaze Bryant,lorem.tristique@yahoo.edu,(356) 481-6624,Justo Sit Amet Associates,2025-05-15 19:00:11
259,Tashya Hartman,praesent.eu.nulla@yahoo.edu,(406) 838-1949,Vivamus Sit Amet PC,2025-08-14 09:33:31
260,Driscoll Snider,cum.sociis.natoque@protonmail.ca,(769) 558-2568,In Faucibus Foundation,2024-09-11 07:36:25
261,Edward Le,nec.urna.et@yahoo.org,(446) 667-8884,Aliquam Fringilla Institute,2025-01-20 05:07:47
262,Unity Phelps,leo@icloud.org,1-845-633-4993,Ac Institute,2024-07-04 04:39:05
263,Jamalia Higgins,adipiscing.fringilla@aol.com,1-161-335-3236,Fusce Corporation,2025-08-09 19:32:41
264,Jin Lawrence,nunc.mauris@aol.com,(937) 778-8176,Egestas Hendrerit Foundation,2025-12-05 21:46:24
265,Gregory Peterson,nunc.mauris@yahoo.com,(458) 312-2871,Faucibus Leo Incorporated,2024-09-07 12:10:47
266,Cruz Hamilton,magna.lorem.ipsum@yahoo.net,1-677-567-4415,Vitae Sodales Associates,2025-11-10 01:35:21
267,Holly Hutchinson,euismod@aol.couk,1-455-464-9154,Velit Cras LLP,2024-05-14 12:54:04
268,Lois Blackburn,lacus.varius@outlook.ca,1-466-154-6962,Donec Corp.,2025-09-29 21:04:35
269,Ainsley Collier,integer.vitae@hotmail.edu,(495) 924-0758,In Faucibus LLC,2025-05-17 20:53:03
270,Hedwig Atkins,ultricies.ornare@hotmail.org,1-191-876-4188,Sem Semper Industries,2025-06-23 08:34:25
271,Judith Mendoza,luctus.aliquet@icloud.net,(681) 216-1326,Penatibus Corp.,2024-11-23 08:03:37
272,Matthew Gordon,eleifend.cras@icloud.net,(135) 304-6337,Sed Dolor Corp.,2025-05-27 02:58:12
273,Stacey Schultz,urna.convallis.erat@yahoo.net,1-238-100-6184,Turpis Inc.,2024-10-09 01:09:25
274,Jennifer Fuentes,etiam@outlook.edu,(536) 425-6348,Nisl Elementum Purus LLP,2025-03-09 06:14:02
275,Renee Hamilton,rutrum.fusce.dolor@protonmail.org,(601) 463-3579,Erat Eget Tincidunt Ltd,2024-03-11 15:35:03
276,Blythe Berg,curabitur.egestas.nunc@google.ca,(985) 564-0775,Parturient Consulting,2024-09-13 22:19:48
277,Molly Lester,mauris@hotmail.edu,(176) 626-1143,Egestas Associates,2024-06-03 19:52:43
278,Ivory Douglas,at.pretium@yahoo.net,1-769-185-5156,Egestas Institute,2024-09-27 05:05:33
279,Hiram Glenn,aliquam.fringilla@icloud.edu,1-672-135-1872,Pede Blandit Congue Foundation,2025-02-12 05:56:47
280,Belle Lara,ipsum.nunc@protonmail.com,(733) 923-0043,Sed Corp.,2025-10-06 08:15:24
281,Lucian Rodriquez,urna.vivamus.molestie@hotmail.edu,(242) 824-0882,Est Tempor Bibendum Corporation,2023-12-13 15:56:32
282,Malcolm Fuentes,lacus.cras.interdum@icloud.com,1-276-936-0251,Turpis Nulla Corp.,2025-11-25 17:36:18
283,Cullen Thompson,dui.suspendisse.ac@icloud.net,(958) 970-9485,Mattis Velit Industries,2024-12-15 14:23:19
284,Nero Harrison,integer@icloud.org,(238) 927-1831,Montes Associates,2024-06-17 01:47:51
285,Carter Meyer,suscipit.est.ac@protonmail.org,1-525-357-0541,Enim Consulting,2025-08-07 05:22:47
286,Odessa Mcgowan,convallis@yahoo.ca,1-250-551-4755,Sed Turpis Associates,2024-08-13 12:50:00
287,Bevis Puckett,ultricies.sem@aol.org,(430) 351-7042,Non Corp.,2025-09-19 13:42:04
288,Simone Spears,nunc.sed.libero@protonmail.org,(848) 400-3714,Sit Associates,2025-01-01 01:39:21
289,Holly Molina,fringilla@yahoo.ca,1-358-609-3164,Neque In Associates,2024-06-16 12:01:16
290,Diana Phillips,nunc@hotmail.com,(828) 560-3518,Dolor Sit Amet Ltd,2024-02-18 01:49:33
291,Carolyn Bell,facilisis.suspendisse@icloud.net,1-492-778-3781,Amet Ante Corp.,2024-03-23 21:14:54
292,Thane Haney,nec.metus@icloud.ca,(385) 236-7758,Molestie Pharetra Institute,2024-07-18 21:18:45
293,Zachery Maxwell,in.aliquet@protonmail.ca,1-414-493-5569,Nisl Foundation,2024-03-14 23:37:23
294,Shay Wallace,sed.neque@protonmail.net,(802) 473-6125,Tortor At Ltd,2025-05-06 21:10:46
295,Ronan Wagner,dictum@hotmail.org,1-818-663-1783,Natoque Penatibus Et PC,2024-03-19 11:00:19
296,Graham Schultz,auctor@outlook.org,(275) 863-4737,Egestas LLC,2024-03-30 07:01:03
297,Tad Pratt,nulla@hotmail.ca,1-847-540-8073,Integer Id Industries,2025-02-07 04:04:02
298,Carl Stokes,luctus.lobortis@hotmail.ca,(842) 124-2595,Magna LLP,2025-05-26 07:21:32
299,Janna Schroeder,donec@yahoo.edu,(396) 677-2312,Donec At Corporation,2025-06-15 09:30:35
300,Myra Talley,enim.mi@aol.net,1-459-678-4916,Cursus Non Associates,2025-03-02 14:56:43
301,Peter Simmons,mauris.sapien.cursus@protonmail.net,1-717-494-3162,Diam Pellentesque Ltd,2025-11-18 01:52:26
302,Lee Horton,orci@icloud.ca,1-729-817-8767,Laoreet Libero Industries,2025-01-28 16:37:08
303,Orla Frazier,aliquet.metus.urna@google.edu,1-376-316-2360,Suscipit Nonummy Institute,2024-08-29 13:14:43
304,Dahlia Woods,ligula.consectetuer.rhoncus@protonmail.net,1-696-727-5523,Iaculis LLP,2025-08-06 15:49:24
305,Uriel Lott,nec.ante@aol.edu,1-448-961-5906,Vivamus Nibh Associates,2025-02-07 18:52:32
306,Lilah Fitzpatrick,dui.cras@protonmail.ca,(584) 599-3656,Neque Non LLP,2024-06-05 00:38:39
307,Ray Perkins,phasellus@icloud.couk,(772) 828-0567,Mi Tempor Foundation,2023-12-31 01:48:59
308,Orli Acevedo,fusce@google.couk,1-513-185-3625,Ultrices Associates,2025-03-04 11:40:40
309,Alden Strong,sit@icloud.org,1-403-595-7817,Adipiscing Non Associates,2024-01-10 08:50:26
310,Dominique Bright,justo.praesent.luctus@aol.edu,1-303-623-0343,Tellus Non Magna Inc.,2024-07-17 17:53:04
311,Clementine Wilkerson,in.consequat@yahoo.couk,1-758-781-6428,Nulla Facilisis Company,2025-12-08 04:47:48
312,Ryan Meadows,ut@icloud.edu,(143) 609-5008,Imperdiet Dictum Magna Corporation,2025-04-29 17:41:11
313,Declan Mayer,dui.fusce@aol.com,1-802-876-5262,Semper Corp.,2025-04-15 21:42:38
314,Keith Yang,lorem@aol.ca,1-763-677-2051,Nulla Donec LLP,2024-03-23 16:45:57
315,Isaac Tillman,auctor.velit@yahoo.com,(359) 484-6481,Integer Urna Incorporated,2024-02-25 23:12:38
316,Rahim Silva,nibh.quisque@aol.ca,1-362-921-6750,Ut Corp.,2024-11-23 22:55:28
317,Keane Estrada,sed.malesuada@protonmail.net,1-905-196-3543,Ipsum Corporation,2024-09-22 14:16:59
318,Damon Coffey,pede.malesuada.vel@google.org,1-256-367-9334,Pretium Et Rutrum LLC,2024-03-09 06:59:35
319,Jada Rojas,risus.donec@google.net,1-289-579-4255,Tristique Senectus Et Institute,2025-06-19 03:42:27
320,Leandra Deleon,morbi@google.com,1-476-205-1602,Magna Nam Foundation,2024-03-21 21:28:08
321,Brian Bennett,accumsan.neque.et@aol.edu,1-367-428-0972,Pharetra Ut Pharetra Company,2025-08-16 09:57:58
322,Jonas Henderson,vulputate.lacus@google.com,(703) 637-8482,Congue Turpis In LLC,2024-08-30 01:41:19
323,Evangeline Herrera,dui.cum@aol.com,1-622-370-3389,Elementum Sem Vitae Industries,2024-06-05 10:32:43
324,Brandon Combs,dolor@icloud.ca,(513) 817-3148,Nulla Dignissim Maecenas LLC,2024-11-01 21:23:09
325,Darrel Coleman,sed.diam@yahoo.ca,1-283-455-6569,Elit Pretium Industries,2024-04-14 11:55:17
326,Desiree Sharp,tellus.non@outlook.org,(563) 758-6177,Nunc Associates,2025-04-26 12:01:49
327,McKenzie Rodgers,nullam.nisl@aol.net,1-917-641-4325,Posuere Associates,2025-09-17 13:44:05
328,Jaime Olson,proin.vel@google.couk,(628) 730-7587,Ac Limited,2024-08-01 22:56:40
329,Paki Manning,duis.elementum@aol.couk,1-554-804-3608,Nec Tellus Associates,2025-10-20 12:00:08
330,Skyler Strong,dignissim.magna@yahoo.com,1-453-868-6242,Vel Est Tempor Foundation,2024-11-11 02:55:03
331,Neville Hayden,viverra.donec@aol.com,1-830-641-5669,Nonummy Ipsum Ltd,2025-03-09 20:10:36
332,Edan Callahan,lacus.nulla@icloud.net,1-680-774-4172,Pretium Et Foundation,2024-04-08 05:27:51
333,Echo Rivera,tempus.eu@hotmail.org,(647) 774-3053,Sit Amet Inc.,2024-06-05 12:37:11
334,Phillip Knight,augue@aol.couk,(834) 873-4309,Mauris Aliquam Foundation,2024-08-10 11:09:44
335,Indira Harmon,eu.arcu@protonmail.edu,1-474-505-3827,Mus Aenean Corporation,2025-04-08 04:25:50
336,Lacy Wagner,sollicitudin@yahoo.edu,(557) 837-7371,Nibh Phasellus Nulla Incorporated,2024-06-20 04:23:34
337,Elaine Decker,vulputate@outlook.edu,(484) 410-2657,Consectetuer Corp.,2024-01-13 11:54:29
338,Kitra Kirby,dui.cras@google.com,1-519-966-8946,Sodales Elit Erat Corporation,2025-07-29 03:23:52
339,Myra Hatfield,mattis.semper@outlook.edu,1-872-663-4334,Sem Nulla Interdum Limited,2024-09-19 19:37:53
340,Aline Richmond,pellentesque@protonmail.net,1-495-316-3824,Vitae Erat Ltd,2025-01-29 12:07:56
341,Tanner Barton,vestibulum.accumsan.neque@protonmail.edu,(506) 276-1602,Luctus Felis Industries,2024-09-24 05:42:04
342,Rigel Nolan,cubilia@protonmail.couk,(313) 918-8117,Convallis Ligula Corporation,2025-01-23 14:40:20
343,Stella Holden,lorem.sit@icloud.org,(390) 741-5271,Mauris Morbi Limited,2025-07-29 01:44:11
344,Raymond Key,a.mi.fringilla@hotmail.net,(251) 491-5537,Donec Vitae Erat LLP,2024-05-08 01:38:50
345,Germane Mcdonald,quis@google.edu,(472) 297-8095,Orci Lacus Vestibulum Corporation,2025-12-07 19:44:08
346,Shaeleigh Mason,lacus.varius@protonmail.net,(437) 507-6544,Sed Et Limited,2024-06-23 20:35:59
347,Bryar Pope,turpis.in@google.org,1-116-268-5188,Parturient Montes Nascetur Company,2025-05-31 10:06:05
348,Lareina O'brien,curabitur@aol.couk,(517) 165-6436,Ut Tincidunt Orci Incorporated,2024-08-27 08:25:55
349,Myra Diaz,dictum.ultricies@hotmail.couk,(438) 247-4541,Pharetra Ut Corporation,2023-12-25 00:22:49
350,Sharon Mcmahon,mauris.vestibulum@aol.com,(807) 586-4629,Nunc Pulvinar Arcu Corp.,2024-03-03 17:58:10
351,Declan Lyons,donec.nibh@protonmail.net,(837) 290-8461,Sed Turpis Corp.,2024-01-27 16:39:12
352,Quynn Hodges,nulla.magna@protonmail.couk,(120) 848-9524,Libero Incorporated,2024-05-04 03:55:14
353,Prescott Carter,cras.lorem@yahoo.com,1-586-259-5157,Enim Consequat Ltd,2023-12-30 17:22:35
354,Mason Lambert,eu.elit@outlook.couk,(498) 681-4725,Vel Associates,2025-06-09 23:35:03
355,Isaac Miranda,neque.et@google.edu,1-114-361-1720,Pretium Aliquet Metus Incorporated,2024-07-08 20:26:53
356,Sonya Spears,quisque.tincidunt.pede@yahoo.edu,1-829-809-4556,Convallis Convallis Dolor Foundation,2025-05-21 04:18:11
357,Howard Hoffman,felis.purus.ac@icloud.ca,(921) 345-4543,Fringilla Purus Mauris PC,2024-02-18 19:35:40
358,Alfonso Doyle,tincidunt.vehicula@outlook.org,(895) 263-4345,Quis Limited,2025-07-01 10:42:22
359,Barclay Kane,ultricies.dignissim@aol.ca,1-986-929-3828,Morbi Vehicula Inc.,2025-06-10 05:36:18
360,Stella Chang,quis.tristique@aol.org,(514) 993-3326,Arcu Nunc Mauris Limited,2025-09-27 06:41:27
361,Sage Shields,ut.ipsum@outlook.couk,(580) 288-9685,Vel Nisl Consulting,2025-11-24 11:11:19
362,Cyrus Burgess,tincidunt.adipiscing.mauris@protonmail.com,1-165-453-5518,Fringilla Ornare Placerat Foundation,2024-10-25 06:06:44
363,Dillon Forbes,interdum.libero@yahoo.org,1-354-848-2130,Nibh Dolor LLP,2025-03-30 10:46:57
364,Mollie Velez,non@hotmail.com,(756) 317-9184,At Risus Limited,2023-12-19 03:26:47
365,Barclay Beck,fusce.mollis@google.edu,(277) 300-7515,Amet Ltd,2024-05-11 11:20:24
366,Erich Ferguson,aliquam.erat@outlook.edu,1-954-216-7276,Sed Sem Egestas Inc.,2024-01-19 18:42:58
367,Gay Duffy,risus@google.org,1-751-499-2833,In Tempus Limited,2024-09-21 11:15:31
368,Igor Rosa,ridiculus@outlook.couk,(165) 947-9384,Cursus Non Ltd,2024-07-16 07:49:58
369,Zachery Owen,non.enim@protonmail.couk,1-435-584-5676,Proin Corporation,2024-03-07 23:12:29
370,Leroy Sanders,posuere@google.edu,1-903-488-1464,Varius Nam PC,2025-01-10 05:44:32
371,Jescie Holder,varius.orci@hotmail.com,(127) 488-1867,Eleifend Vitae Foundation,2025-08-07 20:02:43
372,Malik Wagner,et.rutrum@aol.ca,(149) 743-7152,Lorem Eu Limited,2024-05-22 23:42:01
373,Keiko Whitfield,fusce.mi@outlook.couk,(256) 343-5790,Tristique Ltd,2025-01-17 19:27:19
374,Helen Carrillo,in.nec@icloud.ca,1-181-779-6116,Erat Etiam Ltd,2025-05-19 21:52:36
375,Davis Miles,enim.commodo@hotmail.edu,(724) 633-5181,Orci Ut LLC,2024-12-20 16:02:39
376,Anika Hart,dolor.vitae@hotmail.couk,(957) 398-2576,Amet Consectetuer Adipiscing Incorporated,2025-10-19 14:21:34
377,Cheyenne Aguirre,libero.nec@icloud.couk,1-809-625-7126,Dapibus Gravida Aliquam Inc.,2025-05-31 04:32:01
378,Ora Foley,ornare.sagittis@hotmail.edu,(115) 454-7129,A Magna Limited,2025-01-17 18:40:12
379,Ferdinand Waller,placerat@aol.com,1-867-765-6582,Amet LLP,2024-04-06 06:06:33
380,Deirdre Livingston,ante@protonmail.edu,(968) 682-2706,Aliquam Eu Accumsan Institute,2024-12-20 20:33:30
381,Conan Alford,rhoncus@google.org,1-648-785-3836,Elit Company,2024-06-23 18:46:44
382,Burton Logan,sollicitudin.adipiscing@aol.net,(888) 577-8675,Mauris Sit Limited,2024-11-21 13:38:07
383,Lydia Bruce,luctus.ut.pellentesque@aol.ca,1-317-298-1207,Nisi Corp.,2024-09-14 05:55:22
384,Christen Dejesus,suspendisse.non@protonmail.org,1-372-163-2689,Faucibus Corp.,2025-11-21 20:37:06
385,Derek Rodgers,aliquet.libero.integer@protonmail.org,1-457-671-8881,Mattis Integer Consulting,2025-10-20 23:09:26
386,Armand Drake,nibh.aliquam.ornare@icloud.couk,1-411-667-7007,A Tortor LLC,2025-09-05 02:01:25
387,Morgan Roach,pellentesque@protonmail.org,(564) 687-5975,Dictum Augue LLP,2024-09-26 23:44:35
388,Wynne Salas,suspendisse.aliquet@yahoo.ca,1-223-956-6541,Arcu Eu Limited,2024-04-20 05:57:17
389,Philip Nash,diam.nunc@yahoo.com,1-402-607-8118,Sed Facilisis Limited,2024-07-19 01:45:28
390,Alexis Stewart,lacus@yahoo.ca,1-991-287-7674,Neque LLC,2024-01-03 23:45:05
391,Chester Raymond,dictum.ultricies.ligula@google.edu,(895) 785-8516,Est Institute,2024-01-07 10:27:59
392,Jakeem Morgan,quam.quis.diam@outlook.com,1-411-574-6502,In Molestie Associates,2025-04-04 00:50:52
393,Wylie Page,nec@yahoo.org,1-427-188-7408,Risus Nulla Corporation,2025-01-05 11:45:10
394,Hannah Pruitt,luctus.felis.purus@outlook.org,(757) 118-9456,Venenatis Foundation,2024-05-23 03:31:00
395,Jesse Weeks,nullam.suscipit@icloud.couk,(854) 689-2058,Neque Sed Inc.,2025-08-15 07:11:21
396,Orli Powers,lacus.nulla@yahoo.ca,1-678-324-6834,Arcu Incorporated,2024-07-10 07:27:05
397,Tarik Black,dui.nec@google.net,1-470-601-1437,Nisi Dictum Augue Limited,2024-07-25 18:47:52
398,Walter Nicholson,dolor.fusce.mi@protonmail.com,1-748-906-0722,Nec Tempus LLC,2025-03-28 12:11:43
399,Skyler Decker,proin.vel.arcu@outlook.org,1-774-222-6373,Lorem Lorem Luctus Inc.,2024-07-12 06:02:22
400,Quintessa Allen,proin.vel@hotmail.org,(721) 313-8462,Nulla Tincidunt Institute,2024-10-11 17:54:16
401,Dale O'brien,curabitur.sed@protonmail.ca,1-409-315-7087,Tortor Nibh LLC,2024-01-26 23:54:58
402,Armand Madden,dignissim@aol.org,(198) 255-6391,Ridiculus Mus Proin Foundation,2024-09-27 16:09:59
403,Dominique Moran,sagittis.nullam.vitae@aol.couk,1-267-503-0645,Tempus Corp.,2024-10-04 00:30:09
404,Julie Dodson,magna.ut.tincidunt@hotmail.net,(657) 875-3216,Nec Tempus Corporation,2025-07-03 20:53:23
405,Rinah Wright,urna.ut@aol.couk,(799) 535-8475,Vivamus LLC,2024-06-20 04:46:33
406,Nomlanga Yang,vitae.erat@outlook.edu,(447) 828-1703,Lectus Cum Ltd,2024-08-22 13:25:48
407,Gareth Turner,et.nunc@outlook.org,(953) 676-6331,Dictum Eu Corp.,2025-11-24 22:50:18
408,Hadley Kirby,urna.nunc.quis@hotmail.ca,1-968-348-4248,Sem Magna Associates,2025-08-26 13:55:20
409,Talon Hernandez,ipsum.cursus@outlook.couk,1-915-802-8622,Et Pede Inc.,2024-11-21 13:30:25
410,Myles Richards,rutrum.urna@aol.ca,(420) 361-7596,Interdum Libero Industries,2024-11-28 08:21:05
411,Kylie Melton,aliquam.rutrum.lorem@icloud.couk,1-480-761-7045,Parturient Montes Corporation,2025-06-02 19:56:57
412,Zeus Schultz,molestie.sodales@icloud.net,(514) 781-4270,Natoque Penatibus Et Ltd,2024-07-17 01:31:59
413,Justine Mcdowell,aliquam.nisl@google.org,(279) 512-3702,Nibh Dolor Nonummy Industries,2024-10-17 21:50:18
414,Kimberley Lopez,lectus@google.org,1-155-460-7748,Id Enim Inc.,2024-05-24 16:10:14
415,Olga Caldwell,semper.tellus.id@icloud.couk,(355) 778-0827,Placerat Orci Foundation,2024-06-19 00:31:17
416,Brody Joseph,urna.nullam@yahoo.ca,1-920-511-3674,Egestas A Inc.,2024-06-28 15:52:24
417,Mariam Ortega,venenatis.vel@protonmail.ca,(535) 511-5150,Urna Et Industries,2025-05-08 02:35:49
418,Guy Michael,lorem.eu@protonmail.edu,(948) 281-5413,Libero Nec PC,2024-08-31 23:45:35
419,Leah Mercer,nullam.ut.nisi@yahoo.com,1-772-396-4968,Nibh Donec Foundation,2024-07-19 15:57:13
420,Judah Snow,molestie.sed.id@hotmail.net,(473) 277-8563,Morbi Non Sapien Corp.,2024-04-12 20:45:41
421,Carlos Floyd,suspendisse.sagittis.nullam@aol.org,(458) 648-2616,Et Lacinia Vitae LLC,2024-10-08 00:22:06
422,Dorothy Pruitt,non.leo@aol.ca,1-931-333-6911,Curabitur Egestas Industries,2025-02-11 12:24:44
423,Charity Silva,molestie.orci.tincidunt@hotmail.com,1-872-249-7831,Erat Ltd,2024-01-17 05:53:51
424,Wesley Rocha,porta@hotmail.couk,(525) 516-9882,Magnis Dis Parturient Corp.,2024-10-23 10:02:36
425,Kiona Wilson,suspendisse.tristique@yahoo.edu,1-269-745-0022,Mollis Duis Corporation,2025-11-27 23:57:50
426,Anthony Elliott,nec.urna.et@hotmail.ca,1-778-785-6678,Urna Nec Luctus Ltd,2025-05-30 07:48:08
427,Flynn Allen,cursus.in.hendrerit@icloud.net,(237) 542-8066,Fusce LLP,2024-09-09 01:20:21
428,Alan Woodard,tellus.aenean.egestas@outlook.org,1-346-368-7802,Lobortis PC,2024-11-12 00:38:03
429,Cole Harrell,facilisis.magna.tellus@icloud.edu,1-737-415-2733,In Nec Industries,2024-01-20 04:28:43
430,Evangeline Campbell,luctus.ipsum@icloud.ca,1-374-628-6967,Etiam Laoreet Foundation,2025-02-04 06:02:51
431,Tashya Stewart,magnis@yahoo.edu,(762) 414-1172,Cras Pellentesque Sed LLC,2024-10-28 16:34:39
432,Wynter Browning,tristique.aliquet@icloud.edu,1-945-310-5709,Consectetuer Cursus Corporation,2024-12-27 22:52:14
433,Wang Cummings,tellus.sem.mollis@google.ca,1-419-568-2857,Arcu Consulting,2025-01-24 12:43:34
434,Devin Alvarado,metus@outlook.edu,1-669-421-7103,Pede Cum Incorporated,2024-01-31 16:16:36
435,Jeremy Baker,placerat.velit.quisque@protonmail.couk,1-567-615-8684,Ac PC,2025-06-15 02:32:01
436,Xandra Santos,est.nunc@icloud.net,1-387-523-2981,In Consectetuer Corp.,2024-08-22 19:25:24
437,Aurelia Day,phasellus@outlook.net,(226) 496-5639,Aliquet LLP,2025-09-10 03:55:23
438,Porter Lee,libero.proin.mi@hotmail.ca,(697) 264-1638,Nunc Institute,2025-07-30 02:00:42
439,Moana Avery,orci@icloud.ca,1-527-719-7219,Posuere Industries,2024-04-13 06:09:44
440,Sandra Clements,elementum.purus@icloud.edu,1-277-271-4886,Dictum Eu Institute,2025-06-09 19:51:55
441,Tad Hyde,ridiculus.mus@hotmail.com,(637) 738-6700,Tincidunt Congue Industries,2024-08-14 19:20:41
442,Lionel Gallagher,sit.amet@hotmail.com,(798) 315-9488,Magna Sed LLC,2025-10-22 00:10:29
443,Yvonne Bryant,nunc.ullamcorper@outlook.com,1-384-841-0938,Rhoncus Nullam Limited,2025-11-14 20:14:54
444,Angelica Sanders,vel.pede@google.ca,(349) 220-0552,Laoreet Consulting,2025-12-06 06:31:44
445,Jamal Rocha,id.mollis.nec@protonmail.edu,1-267-524-3647,Nisl Elementum Ltd,2025-04-01 13:38:32
446,Maryam Alston,metus@outlook.com,1-957-277-5252,Venenatis A Foundation,2024-08-06 11:26:40
447,Conan Trujillo,ornare@protonmail.org,1-731-666-6012,Bibendum Donec Incorporated,2024-02-15 23:18:58
448,Ciara Mullins,dapibus.ligula@yahoo.com,(960) 705-5770,Mus Aenean Eget LLC,2024-11-22 23:51:59
449,Derek Ball,pede@protonmail.com,1-295-364-2449,Sed Orci Foundation,2024-04-29 10:18:18
450,Warren Benson,penatibus.et@google.ca,(818) 912-2132,Nonummy Ultricies Corp.,2024-08-25 03:50:47
451,Kirsten Black,eget.venenatis@outlook.ca,1-904-255-8676,Nullam Scelerisque Institute,2025-09-20 13:26:58
452,Gloria Kaufman,phasellus.libero@protonmail.com,(896) 218-7738,Sem Nulla LLP,2024-05-01 23:29:07
453,Nasim Holman,molestie.tortor@hotmail.edu,1-152-697-7888,Morbi Quis Industries,2024-09-08 13:04:11
454,Astra Fisher,donec@hotmail.net,1-717-964-7688,Sit Amet Dapibus Foundation,2024-04-16 10:02:42
455,Cameran Underwood,felis.adipiscing@hotmail.edu,(819) 483-7771,Velit Dui PC,2025-03-27 06:02:07
456,Ebony House,dolor.fusce.feugiat@google.couk,1-759-794-1758,Eleifend Vitae Erat Corp.,2025-02-19 11:10:35
457,Emerald Ray,et.tristique.pellentesque@icloud.ca,(514) 276-6231,Lorem Semper Consulting,2024-09-29 09:59:27
458,Chase Melendez,ultrices.mauris@icloud.ca,(178) 665-6754,Nulla Interdum Curabitur Corp.,2024-10-09 08:32:44
459,Hamilton Ingram,aliquam@yahoo.ca,1-551-540-8746,Nam Ac Nulla Corporation,2024-06-20 12:17:06
460,Nicholas Gibson,eu.tellus@protonmail.ca,1-673-441-3348,Proin Vel Inc.,2025-09-07 07:44:40
461,Willow Holder,dictum.eleifend@google.edu,(741) 576-1656,Ornare Lectus Justo Associates,2024-10-15 21:35:55
462,Daniel Mccray,gravida.nunc.sed@google.net,1-455-636-5311,Semper Nam Inc.,2025-03-05 07:15:54
463,Hiroko Osborn,nec.leo.morbi@icloud.ca,(172) 585-3485,Nisi A Associates,2025-06-05 15:02:56
464,Sheila Forbes,felis.eget.varius@protonmail.edu,1-362-762-1481,Arcu LLC,2025-06-23 09:46:06
465,Oren Marks,purus@google.net,(314) 517-6578,Cras Sed Leo Corporation,2025-10-02 20:32:35
466,Gabriel Mclaughlin,sit@protonmail.couk,1-846-756-6843,Velit Eget Laoreet Inc.,2024-06-19 20:52:39
467,Kaye Horton,mauris.ipsum@outlook.couk,(230) 381-8873,Ipsum Non Arcu Limited,2025-10-28 06:15:09
468,Tanek Dejesus,nibh@yahoo.com,1-239-291-6826,Maecenas Ornare Foundation,2025-09-29 04:44:42
469,Rashad Cobb,sapien.nunc@yahoo.ca,1-907-931-1000,Felis Eget Varius PC,2025-03-29 06:33:51
470,Joshua Fields,id.enim@hotmail.ca,1-875-812-4949,Id Sapien Limited,2025-01-24 14:07:48
471,Alexandra George,lobortis.augue@outlook.ca,1-711-402-5227,Ac Sem Ut Institute,2025-07-07 14:32:10
472,Stella Santos,nonummy.ultricies@outlook.net,1-821-548-9065,A Scelerisque Foundation,2024-09-02 19:29:31
473,Ayanna Pennington,dui@icloud.edu,(965) 448-2075,Ligula Aliquam Foundation,2025-09-15 05:03:28
474,Vera Robertson,est.vitae@hotmail.net,1-859-858-4676,Quisque Varius LLP,2025-10-09 10:04:17
475,Delilah Baldwin,fusce.aliquam@hotmail.couk,(408) 617-1814,Ante Ipsum Primis Limited,2024-10-13 10:55:45
476,Shellie Rosario,urna@outlook.ca,(825) 293-8683,Rutrum Eu Ultrices Associates,2025-03-08 10:32:04
477,Willa Rojas,morbi.metus@hotmail.couk,1-480-114-6651,Mauris Nulla Foundation,2024-11-07 13:31:52
478,Colin Sweeney,sagittis.augue.eu@protonmail.org,1-780-318-2912,Eget Venenatis A Corp.,2025-02-02 00:18:36
479,Adele Gentry,proin.vel@protonmail.com,1-553-183-9872,Nulla Aliquet Proin Corporation,2024-07-19 03:21:18
480,Macon Morrison,ipsum@protonmail.couk,(233) 841-2758,Elit Dictum Incorporated,2024-02-25 04:08:07
481,Suki Bryan,duis.gravida@yahoo.ca,1-870-861-0852,Velit Cras Lorem Company,2025-03-10 13:55:49
482,Linda Roberts,et.ultrices@hotmail.org,1-285-538-4543,Vitae Semper Egestas Corporation,2025-10-27 10:19:41
483,Lucy Edwards,ullamcorper.nisl@outlook.com,(256) 215-9721,Magna Lorem Company,2025-04-10 23:39:47
484,Paloma Alvarado,scelerisque.lorem@protonmail.ca,(278) 882-6315,A Dui Incorporated,2025-04-27 05:13:25
485,Giacomo Galloway,ac@outlook.org,(142) 657-9153,Ut Ipsum Ac LLP,2023-12-25 03:27:26
486,Conan Watts,dui.suspendisse@outlook.org,1-883-222-4552,Dolor Industries,2025-11-02 13:10:18
487,Jared Shaw,vitae@icloud.org,1-551-791-1156,Phasellus Nulla Foundation,2024-04-17 06:48:12
488,Uriel Bowman,non.justo@yahoo.net,1-610-461-2513,Risus Morbi Metus LLP,2024-10-31 14:55:48
489,Caesar Irwin,risus.at.fringilla@yahoo.net,(445) 469-3416,Purus Ltd,2025-11-14 13:28:00
490,Oscar Blackwell,lorem.ut@icloud.com,1-964-324-5178,Purus Duis Elementum Limited,2024-12-12 15:06:38
491,Baker Long,hendrerit@icloud.couk,1-188-305-1476,Diam Lorem Inc.,2024-03-03 01:37:32
492,Stephanie Cochran,aliquam.tincidunt@hotmail.ca,1-931-514-6474,Neque Institute,2025-05-07 16:53:22
493,Martena Hardy,sed.pede@aol.couk,1-749-657-3811,Dui Limited,2024-07-29 06:11:28
494,Teagan Fuller,velit.aliquam@hotmail.net,1-686-822-4276,Elit Ltd,2024-01-11 02:31:50
495,Diana Harris,justo.eu@protonmail.couk,1-475-844-1036,At Velit Corp.,2024-02-14 14:24:39
496,Louis Nicholson,tempor.est@icloud.ca,(301) 441-1027,Dui Nec Urna Foundation,2025-05-29 01:53:01
497,Clayton Mooney,pretium@google.com,1-283-383-4253,Mollis Lectus Company,2024-05-31 06:18:56
498,Judah Dennis,dolor@aol.edu,(534) 755-7307,Consequat Dolor Vitae Ltd,2024-05-30 09:22:59
499,Carissa Wiggins,luctus@yahoo.org,(737) 981-4964,Maecenas Malesuada Fringilla Industries,2024-10-13 02:09:21
500,Plato Juarez,at.pede@google.edu,(542) 371-0824,Tempor Corporation,2025-11-14 12:30:02
